step,t,label,index,x,Cf,H12,dstar,theta,delta99,Ue
100,0.025000000000000001,x=0.25,177,0.25008042895442362,0.0021674843413700398,2.5914109969369177,0.005274732026880273,0.0020354671771923003,0.015050956286805722,0.99999568672913586
100,0.025000000000000001,x=0.50,353,0.50016085790884723,0.0019273854206190027,2.591334473558264,0.0059352900670764652,0.0022904376596844648,0.016936189724302102,0.99999813100338897
100,0.025000000000000001,x=0.75,529,0.75024128686327074,0.0017529223567608581,2.5912855864451396,0.006529363622627106,0.0025197391043201944,0.018631209737272003,0.99999947444307102
100,0.025000000000000001,x=1.00,705,1.0003217158176945,0.0016187678168975066,2.5912518215465838,0.0070737233572381901,0.0027298479053325859,0.020184382817127183,1.0000002129128567
100,0.025000000000000001,x=1.20,846,1.2006702412868633,0.0015310934356270144,2.5912314205185214,0.007481308984400371,0.0028871635798948885,0.021347331725330331,1.0000005878229752
100,0.025000000000000001,x_safe,979,1.389651474530831,0.0014602633103632454,2.591214932127631,0.007846398389152482,0.0030280770197282907,0.022388363960193499,1.0000006817662361
100,0.025000000000000001,xt,33,0.04546916890080429,0.0024497116824232011,2.5915093896892856,0.0046651661210685364,0.0018001733428517023,0.013311255143499212,0.99999885680088696
200,0.050000000000000003,x=0.25,177,0.25008042895442362,0.002165202973324537,2.5914282201244867,0.0052748260938794006,0.0020354899483289602,0.015051272136752114,0.99998705468901095
200,0.050000000000000003,x=0.50,353,0.50016085790884723,0.0019234011564823413,2.5913638779988117,0.0059353713992963504,0.0022904430557548552,0.016936408761557158,0.99999137456892351
200,0.050000000000000003,x=0.75,529,0.75024128686327074,0.0017477334422059724,2.5913189590102057,0.0065294344258769732,0.0025197339768513066,0.018631373616332346,0.99999474718055203
200,0.050000000000000003,x=1.00,705,1.0003217158176945,0.0016126574430697066,2.5912879469654859,0.0070737889072980788,0.0027298351445588292,0.020184510837914612,0.99999651473932116
200,0.050000000000000003,x=1.20,846,1.2006702412868633,0.0015243620792412742,2.5912696056993605,0.0074813781674436964,0.0028871477329062171,0.021347454765194705,0.99999706704947566
200,0.050000000000000003,x_safe,979,1.389651474530831,0.0014529977311043801,2.5912604107399102,0.0078464896393106043,0.0030280590892329934,0.022388507889904007,0.99999575098216098
200,0.050000000000000003,xt,33,0.04546916890080429,0.0024492274540827666,2.5915343760795642,0.0046652018910743982,0.001800169789038974,0.013311215591268808,0.99999695911917497
300,0.074999999999999997,x=0.25,177,0.25008042895442362,0.0021670092227857917,2.5914025355041943,0.0052749041452892827,0.0020355402424050554,0.015051650414290799,0.99998399666589344
300,0.074999999999999997,x=0.50,353,0.50016085790884723,0.0019269073534216004,2.5913277876671268,0.0059354096757038392,0.0022904897265225029,0.016936677286251419,0.99999148084768741
300,0.074999999999999997,x=0.75,529,0.75024128686327074,0.0017523982567013349,2.5912844290543662,0.0065294538256085487,0.0025197750398983925,0.018631566360733737,0.99999506970273455
300,0.074999999999999997,x=1.00,705,1.0003217158176945,0.0016181832442901216,2.5912547935811587,0.0070737980384594891,0.0027298735948244513,0.020184660403196931,0.99999671982838523
300,0.074999999999999997,x=1.20,846,1.2006702412868633,0.0015304917611731895,2.5912361347677795,0.0074813756945159848,0.0028871840717775606,0.021347565166968761,0.99999763937472919
300,0.074999999999999997,x_safe,979,1.389651474530831,0.001459630531720479,2.5912183729070559,0.0078464838087466422,0.0030281059638921008,0.022388656936294205,0.99999806909090738
300,0.074999999999999997,xt,33,0.04546916890080429,0.0024495268166093913,2.5915455068608115,0.0046652296452252637,0.0018001727667427091,0.013311283908602022,0.99999724007522983
400,0.10000000000000001,x=0.25,177,0.25008042895442362,0.0021652253355645733,2.5914085313504041,0.005275000936402441,0.002035572883467199,0.015052015313230263,0.99997559726264529
400,0.10000000000000001,x=0.50,353,0.50016085790884723,0.0019235393980846151,2.5913529079639588,0.0059354914395092096,0.0022904990753161289,0.016936906664323986,0.99998349218249172
400,0.10000000000000001,x=0.75,529,0.75024128686327074,0.001747926736580626,2.5913096598443994,0.0065295200073035133,0.0025197760454825735,0.018631743607267846,0.99999051404491868
400,0.10000000000000001,x=1.00,705,1.0003217158176945,0.0016129237537216435,2.5912775254498333,0.0070738505019075793,0.0027298698932989021,0.020184804070441601,0.99999470586093742
400,0.10000000000000001,x=1.20,846,1.2006702412868633,0.0015246299788184146,2.5912617443260593,0.0074814322786239751,0.0028871773741134597,0.021347703618158687,0.99999575572112909
400,0.10000000000000001,x_safe,979,1.389651474530831,0.0014532757359306647,2.5912572189663705,0.0078465619141679394,0.0030280907108472476,0.022388778605514775,0.99999400797316951
400,0.10000000000000001,xt,33,0.04546916890080429,0.0024492091013752033,2.5915673375309067,0.0046652406250431832,0.0018001618393168786,0.013311159525990199,0.99999753716803319
500,0.125,x=0.25,177,0.25008042895442362,0.0021666871666431594,2.5913817501474332,0.0052750864366773349,0.0020356269146285435,0.015052431294468965,0.99997175734312582
500,0.125,x=0.50,353,0.50016085790884723,0.0019265437912397792,2.5913140651714128,0.0059355310260736831,0.0022905486856457337,0.016937200177959098,0.99998346957810014
500,0.125,x=0.75,529,0.75024128686327074,0.0017520535380760507,2.5912749015569707,0.0065295424298280301,0.0025198184977999619,0.018631955108309731,0.99999067648580076
500,0.125,x=1.00,705,1.0003217158176945,0.0016178046125545488,2.5912526568813394,0.0070738686785827738,0.0027299031068226342,0.020184945665694044,0.99999320574614736
500,0.125,x=1.20,846,1.2006702412868633,0.0015301097984000925,2.5912335276190439,0.0074814400217118803,0.0028872118016264651,0.021347825529987961,0.99999520846619017
500,0.125,x_safe,979,1.389651474530831,0.0014591928445222427,2.5912197321568708,0.0078465642622074783,0.0030281354239596581,0.022388934439358417,0.99999568113616732
500,0.125,xt,33,0.04546916890080429,0.0024494706856668649,2.5915638465317228,0.0046652595612375345,0.001800171571107935,0.013311277683492835,0.99999756463428169
600,0.14999999999999999,x=0.25,177,0.25008042895442362,0.0021652618802299487,2.5913766634666926,0.0052751866686040231,0.0020356695894401481,0.015052854998348266,0.99996481174016716
600,0.14999999999999999,x=0.50,353,0.50016085790884723,0.0019237329679711458,2.5913306830709537,0.0059356106589994176,0.0022905647271405745,0.016937455738984135,0.99997552027239567
600,0.14999999999999999,x=0.75,529,0.75024128686327074,0.0017481487296895891,2.5912966541277207,0.0065296054620223379,0.0025198216698274272,0.018632131527128604,0.99998564037329729
600,0.14999999999999999,x=1.00,705,1.0003217158176945,0.0016131596288689856,2.591265577547949,0.0070739155425761846,0.0027299075802450388,0.020185116380787717,0.99999224897396566
600,0.14999999999999999,x=1.20,846,1.2006702412868633,0.0015248979137118871,2.5912534015036606,0.0074814881806277503,0.0028872082430403639,0.021347958854069753,0.99999393548222748
600,0.14999999999999999,x_safe,979,1.389651474530831,0.0014535743601433143,2.5912517573686156,0.0078466331177330512,0.003028124571616774,0.022389054082755242,0.9999925215377492
600,0.14999999999999999,xt,33,0.04546916890080429,0.0024492230207106345,2.5915744317896925,0.0046652643748649001,0.0018001660757407444,0.013311201320644457,0.99999786980842065
700,0.17500000000000002,x=0.25,177,0.25008042895442362,0.0021664339108075736,2.5913503243041278,0.0052752857903243166,0.0020357285315102747,0.015053328271713738,0.99996086238857396
700,0.17500000000000002,x=0.50,353,0.50016085790884723,0.0019262330810296731,2.5912942286757517,0.0059356564858790021,0.0022906146358039566,0.016937768721028743,0.99997412139344466
700,0.17500000000000002,x=0.75,529,0.75024128686327074,0.001751729457127586,2.5912620863291678,0.0065296325008151693,0.0025198657192044877,0.018632366441198978,0.9999855668185601
700,0.17500000000000002,x=1.00,705,1.0003217158176945,0.001617528791990262,2.5912434191210014,0.0070739376521109379,0.0027299394568305554,0.020185263913551795,0.99999025765091587
700,0.17500000000000002,x=1.20,846,1.2006702412868633,0.0015297882301157743,2.5912284112197321,0.0074815018613777406,0.0028872413674470633,0.021348090411445274,0.99999281642229998
700,0.17500000000000002,x_safe,979,1.389651474530831,0.0014588172894569196,2.5912198745249087,0.0078466429230506802,0.0030281656142705127,0.022389209054662903,0.99999334486297375
700,0.17500000000000002,xt,33,0.04546916890080429,0.0024494267452665527,2.59156966167959,0.0046652776543773351,0.0018001745132923727,0.013311302709782214,0.9999976748459749
800,0.20000000000000001,x=0.25,177,0.25008042895442362,0.002165276784959304,2.5913378503816005,0.0052753940015725911,0.0020357800897307684,0.01505381956478158,0.99995645367473995
800,0.20000000000000001,x=0.50,353,0.50016085790884723,0.0019239184364056993,2.591300214508534,0.0059357312522017452,0.0022906381973682335,0.016938054042418237,0.99996691330123399
800,0.20000000000000001,x=0.75,529,0.75024128686327074,0.0017483880875302407,2.5912763636751213,0.0065296918338662536,0.0025198747325450876,0.018632562538568369,0.99998085086091526
800,0.20000000000000001,x=1.00,705,1.0003217158176945,0.0016133562018252009,2.5912551384404758,0.0070739828870262176,0.0027299445670500946,0.020185429106224718,0.99998874508020041
800,0.20000000000000001,x=1.20,846,1.2006702412868633,0.0015251353699003204,2.5912434611605031,0.007481547479351122,0.002887242203015717,0.021348235237741039,0.99999181474548371
800,0.20000000000000001,x_safe,979,1.389651474530831,0.0014538500293891136,2.591244816564974,0.0078467036245961474,0.0030281598922783201,0.022389334545524945,0.99999111828462584
800,0.20000000000000001,xt,33,0.04546916890080429,0.0024492268634597339,2.5915770315729891,0.0046652789298564923,0.0018001698861425874,0.013311236862585877,0.99999804656130964
900,0.22500000000000001,x=0.25,177,0.25008042895442362,0.0021662124476729081,2.5913186291731711,0.0052755066081457084,0.0020358386455273541,0.015054332280032235,0.99995425970174656
900,0.22500000000000001,x=0.50,353,0.50016085790884723,0.0019259681982648263,2.5912670797455886,0.0059357868827061089,0.0022906889564193,0.016938395046088156,0.99996370642079313
900,0.22500000000000001,x=0.75,529,0.75024128686327074,0.0017514411557701484,2.5912463919827013,0.0065297251599741243,0.0025199167397500482,0.018632804046029613,0.99997955834525809
900,0.22500000000000001,x=1.00,705,1.0003217158176945,0.0016172794977631136,2.5912296990735828,0.007074006319226697,0.0027299804111367656,0.020185607394864573,0.99998743581745952
900,0.22500000000000001,x=1.20,846,1.2006702412868633,0.0015295249778168691,2.5912196282140529,0.0074815629192389035,0.0028872747171938581,0.021348373767528819,0.99999065929555708
900,0.22500000000000001,x_safe,979,1.389651474530831,0.0014584946865867415,2.5912188385841133,0.0078467192145042688,0.0030281962672021371,0.022389481021981749,0.99999100300770938
900,0.22500000000000001,xt,33,0.04546916890080429,0.0024493903738880512,2.5915732377679137,0.0046652890080050476,0.0018001764102268615,0.013311318587015487,0.99999770340247829
1000,0.25,x=0.25,177,0.25008042895442362,0.0021652530600281324,2.5913299875249551,0.0052755969759653602,0.0020358645951549445,0.015054596070335893,0.99995411274679524
1000,0.25,x=0.50,353,0.50016085790884723,0.0019240896036402172,2.59126118237972,0.0059358562718209093,0.002290720947847347,0.016938717191937448,0.99995758983846295
1000,0.25,x=0.75,529,0.75024128686327074,0.0017485998454003936,2.5912516639971033,0.0065297791884004457,0.0025199324631896293,0.018633023923973098,0.99997562565106202
1000,0.25,x=1.00,705,1.0003217158176945,0.0016135617325509215,2.5912414849249052,0.0070740525319242901,0.0027299858284452008,0.020185769577681565,0.99998503186057153
1000,0.25,x=1.20,846,1.2006702412868633,0.0015253401671584353,2.5912339511586371,0.0074816084737714499,0.0028872763381423529,0.021348516143609102,0.99998909373543576
1000,0.25,x_safe,979,1.389651474530831,0.0014540813651615957,2.591237225665298,0.0078467749057206052,0.0030281962716501003,0.022389621665880214,0.9999895262489219
1000,0.25,xt,33,0.04546916890080429,0.00244922907775489,2.5915787624736377,0.0046652885228572333,0.0018001723854243422,0.013311260347448138,0.99999813082309097
1100,0.27500000000000002,x=0.25,177,0.25008042895442362,0.002166001323164472,2.5913427991283005,0.0052756776736746277,0.0020358856711081637,0.015054747273400391,0.99995292008597292
1100,0.27500000000000002,x=0.50,353,0.50016085790884723,0.001925748770244961,2.5912322793433753,0.0059359234137098173,0.0022907724101113758,0.016939088636409395,0.99995233397028138
1100,0.27500000000000002,x=0.75,529,0.75024128686327074,0.0017511986083016903,2.5912256439788393,0.0065298203464166189,0.0025199736509206698,0.018633280493806754,0.99997297672766028
1100,0.27500000000000002,x=1.00,705,1.0003217158176945,0.0016170348410883334,2.5912145041982746,0.0070740766181920699,0.0027300235494709842,0.02018596689051419,0.99998407838041659
1100,0.27500000000000002,x=1.20,846,1.2006702412868633,0.0015292858634352901,2.5912078341217022,0.0074816243514448794,0.0028873115668009699,0.021348676987895544,0.99998857365142446
1100,0.27500000000000002,x_safe,979,1.389651474530831,0.0014582303360407374,2.5912143368597409,0.0078467942010975421,0.0030282304668810111,0.022389769003524879,0.99998898713874274
1100,0.27500000000000002,xt,33,0.04546916890080429,0.0024493641685761282,2.5915756715894762,0.0046652965459331409,0.0018001776282580246,0.013311328223254889,0.99999773247800994
1200,0.29999999999999999,x=0.25,177,0.25008042895442362,0.0021652158555633821,2.5913753221377704,0.0052757424207799299,0.0020358851053762735,0.015054628029627697,0.99995549819644347
1200,0.29999999999999999,x=0.50,353,0.50016085790884723,0.0019242292492007208,2.5912141815607144,0.0059359892298179668,0.0022908138092400609,0.016939458845491709,0.99994744401438274
1200,0.29999999999999999,x=0.75,529,0.75024128686327074,0.0017487841765858204,2.5912226697484821,0.0065298693080884894,0.0025199954385712107,0.01863352263469694,0.99996973784181942
1200,0.29999999999999999,x=1.00,705,1.0003217158176945,0.0016137666565460736,2.5912239264594357,0.0070741231522997569,0.0027300315808543836,0.020186138188504989,0.99998127721854968
1200,0.29999999999999999,x=1.20,846,1.2006702412868633,0.0015255422740136195,2.5912224524221568,0.0074816710295975497,0.0028873132920734092,0.021348815639392411,0.99998620644265324
1200,0.29999999999999999,x_safe,979,1.389651474530831,0.0014542789452178463,2.5912300389493619,0.0078468463355834545,0.0030282322362876861,0.022389907966696269,0.99998750482148513
1200,0.29999999999999999,xt,33,0.04546916890080429,0.0024492309339624453,2.5915801908651943,0.0046652953359760689,0.0018001740221739264,0.013311276498437058,0.99999813421816874
1300,0.32500000000000001,x=0.25,177,0.25008042895442362,0.0021657952872120795,2.5913893604464087,0.0052758215856697158,0.0020359046256024104,0.015054797648514093,0.99995400439412363
1300,0.32500000000000001,x=0.50,353,0.50016085790884723,0.0019255785462844524,2.5911878827375054,0.0059360689626145203,0.0022908678302181844,0.016939873988144994,0.99994050209569585
1300,0.32500000000000001,x=0.75,529,0.75024128686327074,0.0017509944513886763,2.5911995497755091,0.0065299180570550829,0.002520036736507155,0.018633798824671994,0.99996578996672292
1300,0.32500000000000001,x=1.00,705,1.0003217158176945,0.0016168063006755248,2.591197360512747,0.0070741495541351875,0.0027300697592310577,0.020186349210065319,0.99998016910321763
1300,0.32500000000000001,x=1.20,846,1.2006702412868633,0.0015290523931854316,2.5911947622753475,0.0074816877032197401,0.0028873505813395571,0.021348995898982186,0.99998614140072317
1300,0.32500000000000001,x_safe,979,1.389651474530831,0.0014579940713042435,2.5912079468303642,0.0078468672501530463,0.0030282661257470854,0.022390062560669697,0.99998702366456771
1300,0.32500000000000001,xt,33,0.04546916890080429,0.0024493402068117925,2.5915774362587016,0.0046653019482705066,0.0018001784870474529,0.013311334505354214,0.9999977555146452
1400,0.35000000000000003,x=0.25,177,0.25008042895442362,0.0021651823410722142,2.5914149913226261,0.0052758793440056085,0.0020359067774447293,0.015054730081163026,0.99995680692108335
1400,0.35000000000000003,x=0.50,353,0.50016085790884723,0.0019243375328392145,2.5911594125862258,0.0059361351766542619,0.0022909185547675083,0.016940301885027487,0.99993668764717636
1400,0.35000000000000003,x=0.75,529,0.75024128686327074,0.0017489444277289004,2.5911889329061255,0.0065299631078493733,0.0025200644479928948,0.018634065701119164,0.9999630827528766
1400,0.35000000000000003,x=1.00,705,1.0003217158176945,0.0016139588867424995,2.5912029431110386,0.0070741949621745777,0.002730081401374602,0.020186533811077961,0.99997733163479607
1400,0.35000000000000003,x=1.20,846,1.2006702412868633,0.0015257462106889697,2.5912077975057932,0.0074817340702502382,0.0028873539503284514,0.021349137556826429,0.99998338432608724
1400,0.35000000000000003,x_safe,979,1.389651474530831,0.0014544582614339843,2.5912211593872856,0.0078469190319734785,0.0030282706682701463,0.022390210427933179,0.99998535644630127
1400,0.35000000000000003,xt,33,0.04546916890080429,0.0024492401298218478,2.5915809205978189,0.0046653001871392596,0.0018001753871775999,0.013311289764104898,0.9999981866063663
1500,0.375,x=0.25,177,0.25008042895442362,0.0021656079422433766,2.5914317275339402,0.0052759578363826059,0.0020359239181667794,0.015054890755078758,0.99995473427733705
1500,0.375,x=0.50,353,0.50016085790884723,0.0019254435271238253,2.5911334032058364,0.0059362288985984864,0.0022909777208900113,0.016940780611867164,0.9999288544249133
1500,0.375,x=0.75,529,0.75024128686327074,0.0017508247634137825,2.5911676402557098,0.0065300187841474903,0.0025201066433135429,0.018634364912457839,0.99995793684484924
1500,0.375,x=1.00,705,1.0003217158176945,0.0016165984668118404,2.5911773993377913,0.0070742255790664284,0.0027301201302829892,0.02018676147934699,0.99997577702799512
1500,0.375,x=1.20,846,1.2006702412868633,0.0015288265256795542,2.5911812655007225,0.007481753259910429,0.0028873909207060614,0.02134932691497312,0.99998316476773352
1500,0.375,x_safe,979,1.389651474530831,0.0014577850629672914,2.5911996012158172,0.0078469397474684316,0.0030283038573279217,0.022390367468063176,0.99998500222840714
1500,0.375,xt,33,0.04546916890080429,0.0024493154196283586,2.5915793708701784,0.0046653061840967224,0.0018001787776734176,0.013311336651301728,0.99999767087866609
1600,0.40000000000000002,x=0.25,177,0.25008042895442362,0.0021651424170445375,2.591450295934794,0.0052760103558192372,0.002035929596680172,0.015054862955749551,0.99995808519905338
1600,0.40000000000000002,x=0.50,353,0.50016085790884723,0.001924422058803717,2.5910966225118517,0.0059363012607753108,0.0022910381686270589,0.016941283550335879,0.9999262471188588
1600,0.40000000000000002,x=0.75,529,0.75024128686327074,0.0017490809932064553,2.5911500376213952,0.0065300616966157627,0.0025201403244908892,0.01863466095151654,0.99995553680000893
1600,0.40000000000000002,x=1.00,705,1.0003217158176945,0.0016141395086889079,2.5911784425537912,0.0070742682779247265,0.0027301355096766436,0.020186958845436951,0.9999731113982151
1600,0.40000000000000002,x=1.20,846,1.2006702412868633,0.0015259381793456444,2.5911896733346649,0.007481798301097629,0.0028873989342004134,0.021349486834714465,0.9999806162074466
1600,0.40000000000000002,x_safe,979,1.389651474530831,0.0014546171321982359,2.5912112927683393,0.0078469918482660193,0.0030283103003470738,0.022390521459953679,0.99998299892504927
1600,0.40000000000000002,xt,33,0.04546916890080429,0.0024492477873938072,2.5915811904118922,0.0046653037039395421,0.0018001765567676711,0.013311300545775536,0.99999828026507054
1700,0.42499999999999999,x=0.25,177,0.25008042895442362,0.0021654364800887619,2.5914712027591875,0.0052760902630557115,0.0020359440064154138,0.015055005657800194,0.99995535293631732
1700,0.42499999999999999,x=0.50,353,0.50016085790884723,0.0019253232522190794,2.5910701488752177,0.0059364125699637171,0.0022911045355297351,0.016941850987000018,0.99991861063536414
1700,0.42499999999999999,x=0.75,529,0.75024128686327074,0.0017506880096275314,2.5911288739824037,0.0065301234493606412,0.0025201847406857258,0.018634989581575442,0.99994942893446315
1700,0.42499999999999999,x=1.00,705,1.0003217158176945,0.0016164073542423638,2.5911548919017697,0.0070743045749577758,0.0027301743315566954,0.020187202540957228,0.99997078822290097
1700,0.42499999999999999,x=1.20,846,1.2006702412868633,0.0015286266350140326,2.5911660755433501,0.0074818211566147295,0.0028874340503419263,0.021349678316701211,0.99997980145963994
1700,0.42499999999999999,x_safe,979,1.389651474530831,0.0014575980873469398,2.5911890548356893,0.0078470123252405259,0.0030283441922527399,0.022390688004218184,0.9999829039848821
1700,0.42499999999999999,xt,33,0.04546916890080429,0.0024492987093079331,2.5915808409200638,0.0046653095201801241,0.0018001790438163003,0.013311339181882752,0.99999759224664075
1800,0.45000000000000001,x=0.25,177,0.25008042895442362,0.0021650666341794388,2.5914872490365237,0.0052761395184046083,0.0020359504066115694,0.015054986865996513,0.99995923919716823
1800,0.45000000000000001,x=0.50,353,0.50016085790884723,0.0019244841962758553,2.5910279838290169,0.0059364970290202808,0.0022911744165137636,0.016942451246833815,0.99991821554413318
1800,0.45000000000000001,x=0.75,529,0.75024128686327074,0.0017492003014114702,2.5911057272987308,0.006530165849022075,0.0025202236173627224,0.018635314862083474,0.99994697493966134
1800,0.45000000000000001,x=1.00,705,1.0003217158176945,0.0016143051862128187,2.5911496180346316,0.0070743442305812249,0.0027301951926446701,0.020187422645590813,0.99996860351328354
1800,0.45000000000000001,x=1.20,846,1.2006702412868633,0.001526104379814187,2.5911694147635074,0.0074818640385766093,0.0028874468785976578,0.021349857270186325,0.99997761715074251
1800,0.45000000000000001,x_safe,979,1.389651474530831,0.0014547625743463325,2.5911999346592767,0.0078470650278760056,0.0030283518160507503,0.022390845346209467,0.99998047362205578
1800,0.45000000000000001,xt,33,0.04546916890080429,0.0024492508442878411,2.5915815962238562,0.0046653064706390617,0.0018001773424524969,0.013311307473777737,0.99999833810644057
1900,0.47500000000000003,x=0.25,177,0.25008042895442362,0.0021652623576210069,2.5915148946936628,0.0052762207004622141,0.002035960013683774,0.015055089112384517,0.99995608766351052
1900,0.47500000000000003,x=0.50,353,0.50016085790884723,0.0019252068669922714,2.5910088128531075,0.0059366242669287982,0.0022912404764812988,0.016943090828340453,0.99991242137519687
1900,0.47500000000000003,x=0.75,529,0.75024128686327074,0.0017505678898129943,2.5910828740545973,0.0065302340638396976,0.0025202721723913868,0.018635684965664142,0.99994014477071447
1900,0.47500000000000003,x=1.00,705,1.0003217158176945,0.0016162440446469751,2.5911289924924894,0.0070743864821547113,0.0027302332314029778,0.020187677745081886,0.99996524775153595
1900,0.47500000000000003,x=1.20,846,1.2006702412868633,0.0015284567337276419,2.5911481011085544,0.0074818910678560134,0.0028874810608683788,0.021350055995720017,0.99997619869191456
1900,0.47500000000000003,x_safe,979,1.389651474530831,0.0014574263870916892,2.5911766552394497,0.0078470854138454581,0.0030283868905573758,0.022391024002357641,0.99998062762951745
1900,0.47500000000000003,xt,33,0.04546916890080429,0.0024492875206754607,2.5915818635074555,0.004665312099348836,0.0018001793287111476,0.013311341918694609,0.99999754716503886
2000,0.5,x=0.25,177,0.25008042895442362,0.0021649580035606199,2.5915319409808566,0.0052762670687724837,0.0020359645140146311,0.015055056348276986,0.99996025765317642
2000,0.5,x=0.50,353,0.50016085790884723,0.0019245041160344829,2.5909920270481948,0.0059366905018988269,0.0022912808838945913,0.016943488767458891,0.99991592657241435
2000,0.5,x=0.75,529,0.75024128686327074,0.0017493192280156357,2.591053889390468,0.0065302770008442953,0.0025203169365113085,0.018636047063677087,0.9999376294178578
2000,0.5,x=1.00,705,1.0003217158176945,0.0016144451526401674,2.5911172861051024,0.0070744233962411543,0.0027302598126984967,0.020187923585109062,0.99996352835308866
2000,0.5,x=1.20,846,1.2006702412868633,0.0015262457231982015,2.591147132783457,0.0074819322715541951,0.00288749804165577,0.021350252060191966,0.99997425857692845
2000,0.5,x_safe,979,1.389651474530831,0.001454898804537389,2.591186544833199,0.0078471386217950512,0.0030283958665354178,0.02239118598294184,0.99997783223206937
2000,0.5,xt,33,0.04546916890080429,0.0024492517802622515,2.5915820606322688,0.0046653087362098205,0.0018001778940666168,0.013311312518089544,0.99999835979890461
2100,0.52500000000000002,x=0.25,177,0.25008042895442362,0.0021651020343086656,2.5915631878174743,0.0052763461691360935,0.0020359704883675445,0.01505512761455958,0.99995689960678391
2100,0.52500000000000002,x=0.50,353,0.50016085790884723,0.0019250945862000748,2.5910053264574322,0.0059367824880702524,0.0022913046250612515,0.016943682671186466,0.99991113054633696
2100,0.52500000000000002,x=0.75,529,0.75024128686327074,0.0017504577489368782,2.5910300374222714,0.0065303529898370046,0.0025203694652393273,0.018636461883800224,0.99992989726501702
2100,0.52500000000000002,x=1.00,705,1.0003217158176945,0.0016161102569930777,2.5910983172073156,0.0070744715934602581,0.0027302984014458856,0.020188197013339026,0.99995926131331803
2100,0.52500000000000002,x=1.20,846,1.2006702412868633,0.0015283143076068643,2.5911269066475793,0.007481962809020728,0.0028875323666415673,0.021350462497032593,0.9999723846633537
2100,0.52500000000000002,x_safe,979,1.389651474530831,0.0014572676967947429,2.591162600613317,0.0078471593691947419,0.0030284318580923301,0.0223913758493226,0.99997809290711781
2100,0.52500000000000002,xt,33,0.04546916890080429,0.0024492790229518773,2.591582640130746,0.0046653141305056777,0.0018001795730003469,0.013311344097130806,0.99999752408811948
2200,0.55000000000000004,x=0.25,177,0.25008042895442362,0.0021648608072481067,2.5915768628674782,0.0052763874053464556,0.0020359756567313769,0.015055104326125964,0.99996107844094406
2200,0.55000000000000004,x=0.50,353,0.50016085790884723,0.0019244997863460372,2.5910115289780302,0.0059368246800035954,0.0022913154239592483,0.016943647023658307,0.99991695504422673
2200,0.55000000000000004,x=0.75,529,0.75024128686327074,0.0017494299110231686,2.5909935128344324,0.0065303978219499806,0.0025204222973163734,0.018636878169598931,0.99992765364275216
2200,0.55000000000000004,x=1.00,705,1.0003217158176945,0.0016145660211667517,2.5910811219657592,0.0070745065611647773,0.0027303300159886952,0.020188467249959006,0.99995777497111926
2200,0.55000000000000004,x=1.20,846,1.2006702412868633,0.0015263661651639571,2.5911227888729069,0.0074820033490297887,0.0028875526011966145,0.021350673177099089,0.99997044509694211
2200,0.55000000000000004,x_safe,979,1.389651474530831,0.0014550248315280674,2.5911708344271838,0.0078472129365532908,0.003028442907851744,0.022391546588751334,0.99997507063503754
2200,0.55000000000000004,xt,33,0.04546916890080429,0.0024492521238230524,2.5915824493461193,0.004665310617308736,0.0018001783499058031,0.01331131680014408,0.99999836903128991
2300,0.57500000000000007,x=0.25,177,0.25008042895442362,0.0021649948365627127,2.5916039359357739,0.0052764593945575618,0.0020359821658676187,0.015055179671390261,0.99995772005364547
2300,0.57500000000000007,x=0.50,353,0.50016085790884723,0.0019249840355760215,2.5910261785361901,0.0059369147079307545,0.002291337215004457,0.016943793031120691,0.99991227285428219
2300,0.57500000000000007,x=0.75,529,0.75024128686327074,0.0017503674548279447,2.5909688944474576,0.0065304838409271457,0.0025204794449374575,0.018637348189233505,0.99991900518374632
2300,0.57500000000000007,x=1.00,705,1.0003217158176945,0.0016159980950636588,2.5910626905221945,0.0070745602315734624,0.002730370151772622,0.020188763878771453,0.99995270071341169
2300,0.57500000000000007,x=1.20,846,1.2006702412868633,0.0015281917782108915,2.5911021938060221,0.00748203687902979,0.0028875884930032666,0.021350901965103555,0.99996832281996595
2300,0.57500000000000007,x_safe,979,1.389651474530831,0.0014571245533359155,2.5911465479239961,0.0078472345161999506,0.0030284796213039694,0.02239174711787939,0.99997531035493448
2300,0.57500000000000007,xt,33,0.04546916890080429,0.0024492733131026003,2.5915832846394409,0.0046653157219591164,0.0018001797393936301,0.013311345498868737,0.99999751400137193
2400,0.59999999999999998,x=0.25,177,0.25008042895442362,0.0021647986129381411,2.5916105760251642,0.0052764933629235594,0.0020359900564290356,0.015055190008848609,0.99996157353048509
2400,0.59999999999999998,x=0.50,353,0.50016085790884723,0.0019244904908359086,2.5910305749122249,0.0059369521863434959,0.002291347791812383,0.016943773030354038,0.99991776284127798
2400,0.59999999999999998,x=0.75,529,0.75024128686327074,0.0017495231139507818,2.5909245129551413,0.0065305333580193822,0.0025205417314805613,0.018637836334087669,0.99991727201523162
2400,0.59999999999999998,x=1.00,705,1.0003217158176945,0.00161467209250701,2.591040271594427,0.0070745944560199276,0.0027304069850162898,0.020189062423351337,0.99995131280539717
2400,0.59999999999999998,x=1.20,846,1.2006702412868633,0.0015264756837671547,2.5910956539292767,0.0074820774425478614,0.0028876114361897978,0.021351126055471157,0.9999662047122807
2400,0.59999999999999998,x_safe,979,1.389651474530831,0.0014551394340305307,2.5911529726012339,0.0078472880617890799,0.0030284927770633558,0.022391926904283595,0.99997210245710744
2400,0.59999999999999998,xt,33,0.04546916890080429,0.0024492494961425356,2.5915829012160381,0.0046653122915120797,0.0018001786820413862,0.013311320220084202,0.99999834295061318
2500,0.625,x=0.25,177,0.25008042895442362,0.002164929006799056,2.5916307685904325,0.0052765551556527499,0.002035998036295358,0.015055273150194309,0.99995845463820532
2500,0.625,x=0.50,353,0.50016085790884723,0.0019248803155795429,2.5910477918277675,0.0059370383800990568,0.0022913658323187366,0.016943901424927469,0.99991311111081882
2500,0.625,x=0.75,529,0.75024128686327074,0.0017502975705647422,2.5908983171782172,0.0065306323153747634,0.0025206054101294738,0.018638383143696306,0.99990815414692091
2500,0.625,x=1.00,705,1.0003217158176945,0.0016159064594680531,2.5910214914827301,0.0070746531794828081,0.0027304494396278777,0.020189386324953425,0.99994548789736593
2500,0.625,x=1.20,846,1.2006702412868633,0.0015280810236123379,2.5910742196250784,0.0074821137978393539,0.0028876493545298737,0.021351375445127788,0.99996385148517108
2500,0.625,x_safe,979,1.389651474530831,0.0014569941736235781,2.591128242510488,0.0078473112310917595,0.0030285306232039947,0.022392141046877222,0.99997226715602516
2500,0.625,xt,33,0.04546916890080429,0.0024492715512496217,2.5915835784797401,0.0046653168860162171,0.0018001799844529647,0.01331134713806504,0.99999755839793236
2600,0.65000000000000002,x=0.25,177,0.25008042895442362,0.0021647546976839927,2.5916331066192195,0.0052765820342735364,0.0020360065708362662,0.015055303807877356,0.99996178869211172
2600,0.65000000000000002,x=0.50,353,0.50016085790884723,0.0019244754006107364,2.5910503214270015,0.0059370730994534491,0.0022913769950186264,0.016943901840591784,0.99991841465362929
2600,0.65000000000000002,x=0.75,529,0.75024128686327074,0.0017495961333994967,2.5908469854743315,0.0065306916534241064,0.0025206782531112964,0.018638967509155564,0.99990728806584939
2600,0.65000000000000002,x=1.00,705,1.0003217158176945,0.0016147642938601516,2.5909941561130321,0.0070746879496908369,0.0027304916659110379,0.020189717443113139,0.99994404256963842
2600,0.65000000000000002,x=1.20,846,1.2006702412868633,0.0015265784558406612,2.5910649358716591,0.0074821546723301043,0.0028876754761119239,0.021351616513630187,0.99996156994243612
2600,0.65000000000000002,x_safe,979,1.389651474530831,0.001455246597810972,2.5911324382673708,0.0078473645147092066,0.0030285462830130574,0.022392332225246,0.9999689431896347
2600,0.65000000000000002,xt,33,0.04546916890080429,0.0024492462959030598,2.591583499407371,0.0046653138299203138,0.0018001788601398148,0.013311322733206303,0.99999827208331593
2700,0.67500000000000004,x=0.25,177,0.25008042895442362,0.0021648690985086945,2.5916489141879766,0.0052766338847258995,0.0020360141591088893,0.015055379148147294,0.99995902175619777
2700,0.67500000000000004,x=0.50,353,0.50016085790884723,0.0019247856772137974,2.5910692965363014,0.0059371568631159544,0.0022913925424737375,0.01694401753515384,0.99991378968221556
2700,0.67500000000000004,x=0.75,529,0.75024128686327074,0.0017502401494674208,2.5908189681588571,0.0065308076698534214,0.0025207502917482818,0.018639621841513486,0.99989866497924684
2700,0.67500000000000004,x=1.00,705,1.0003217158176945,0.0016158336708128513,2.5909738819801307,0.0070747514892746735,0.0027305375551944398,0.020190075258088514,0.99993757533506034
2700,0.67500000000000004,x=1.20,846,1.2006702412868633,0.0015279810835813336,2.5910428034139081,0.0074821941764367239,0.0028877153887918519,0.021351886914568689,0.99995886685803226
2700,0.67500000000000004,x_safe,979,1.389651474530831,0.0014568751926508797,2.5911077038615007,0.0078473897097097924,0.003028584916796361,0.022392558687062931,0.99996888955468954
2700,0.67500000000000004,xt,33,0.04546916890080429,0.0024492686067696264,2.5915837875753769,0.0046653177756311743,0.0018001801824805875,0.013311347999450034,0.9999976165921084
2800,0.70000000000000007,x=0.25,177,0.25008042895442362,0.0021647177220701251,2.5916502023340522,0.0052766549678872274,0.0020360212821680362,0.015055409277171014,0.99996188155369425
2800,0.70000000000000007,x=0.50,353,0.50016085790884723,0.0019244512735168374,2.5910701730091015,0.0059371901971466265,0.0022914046323382889,0.016944035827245692,0.99991892345022515
2800,0.70000000000000007,x=0.75,529,0.75024128686327074,0.0017496455407214051,2.5907642044243704,0.0065308825386427493,0.0025208324738660711,0.018640328353984912,0.99989957501536997
2800,0.70000000000000007,x=1.00,705,1.0003217158176945,0.0016148459621114532,2.5909420128305887,0.0070747881919749336,0.002730585307173961,0.020190443652735087,0.99993589749258482
2800,0.70000000000000007,x=1.20,846,1.2006702412868633,0.0015266734866999599,2.5910300906580441,0.0074822355292058227,0.0028877455171914109,0.021352150371329974,0.99995649341154091
2800,0.70000000000000007,x_safe,979,1.389651474530831,0.0014553449137890524,2.5911090993081247,0.0078474425117265288,0.0030286036638989631,0.022392764556240799,0.99996555038123802
2800,0.70000000000000007,xt,33,0.04546916890080429,0.002449246088252107,2.5915839127730851,0.0046653151434204038,0.0018001790798386128,0.013311325807386446,0.99999821379430309
2900,0.72499999999999998,x=0.25,177,0.25008042895442362,0.0021648045739311055,2.5916640160225706,0.00527669901055129,0.0020360274240522292,0.015055470363751416,0.99995937022857651
2900,0.72499999999999998,x=0.50,353,0.50016085790884723,0.0019247003649530865,2.5910899074291387,0.0059372720225143207,0.0022914187599168416,0.016944143347974457,0.99991442105969797
2900,0.72499999999999998,x=0.75,529,0.75024128686327074,0.0017501836886680312,2.5907423018436613,0.0065310120519016211,0.0025209037762088217,0.018641076472566093,0.99989314385191608
2900,0.72499999999999998,x=1.00,705,1.0003217158176945,0.0016157750899048016,2.5909191648315226,0.007074856789985047,0.002730635863139751,0.020190844133598933,0.99992889698497933
2900,0.72499999999999998,x=1.20,846,1.2006702412868633,0.0015278948006848298,2.5910073477947408,0.0074822784368176872,0.0028877874249125563,0.021352442343408315,0.9999533286077098
2900,0.72499999999999998,x_safe,979,1.389651474530831,0.0014567689414245954,2.5910844345430912,0.007847470425702158,0.0030286432665348364,0.022393005146119103,0.99996517354513459
2900,0.72499999999999998,xt,33,0.04546916890080429,0.0024492636543192656,2.5915841137713618,0.00466531856283649,0.0018001802596510591,0.013311347794867513,0.9999976497659725
3000,0.75,x=0.25,177,0.25008042895442362,0.0021646884164382677,2.5916645029068213,0.0052767152531037849,0.0020360333087810554,0.015055496021921399,0.99996197166327516
3000,0.75,x=0.50,353,0.50016085790884723,0.0019244210588237776,2.5910897675990694,0.0059373049084452843,0.0022914315755053335,0.016944174888937069,0.99991931697413849
3000,0.75,x=0.75,529,0.75024128686327074,0.0017496620419833213,2.590715816042541,0.0065310669543319315,0.0025209507402894119,0.018641575641485022,0.99989729246495751
3000,0.75,x=1.00,705,1.0003217158176945,0.0016149211956779251,2.590882638150771,0.0070748970556088657,0.0027306899013606178,0.02019125916034701,0.99992691834545577
3000,0.75,x=1.20,846,1.2006702412868633,0.0015267584122503348,2.5909909048513931,0.0074823205697314649,0.0028878220126985028,0.021352731984312597,0.99995085174361631
3000,0.75,x_safe,979,1.389651474530831,0.001455434342620305,2.5910827843898656,0.007847522513606776,0.0030286652981080528,0.022393227014088017,0.9999618594771621
3000,0.75,xt,33,0.04546916890080429,0.0024492477751626423,2.5915841297679307,0.004665316201706099,0.0018001793374633241,0.013311328984655637,0.99999818528304552
3100,0.77500000000000002,x=0.25,177,0.25008042895442362,0.0021647432625602351,2.5916773177812487,0.0052767536766011106,0.0020360380670841277,0.015055545557614925,0.99995953769206947
3100,0.77500000000000002,x=0.50,353,0.50016085790884723,0.0019246190486988698,2.5911098461084854,0.0059373850027592146,0.0022914447304024587,0.016944276467369276,0.9999150043074797
3100,0.77500000000000002,x=0.75,529,0.75024128686327074,0.0017501250031776462,2.59072547028949,0.0065311540579944243,0.0025209749673957647,0.018641811418482174,0.99989210666783768
3100,0.77500000000000002,x=1.00,705,1.0003217158176945,0.0016157290953739427,2.5908566616581101,0.0070749713840700737,0.0027307459686103193,0.020191710989393308,0.99991944802938371
3100,0.77500000000000002,x=1.20,846,1.2006702412868633,0.0015278225755022876,2.5909670153330464,0.007482367227197812,0.0028878666470541765,0.021353050240822576,0.99994721000399167
3100,0.77500000000000002,x_safe,979,1.389651474530831,0.0014566747911222411,2.5910580846392093,0.0078475536681282057,0.0030287061932928205,0.022393484115528127,0.99996109103192976
3100,0.77500000000000002,xt,33,0.04546916890080429,0.00244925824081056,2.5915845017031618,0.0046653192993232236,0.0018001802743677566,0.013311347356017203,0.99999765626214976
3200,0.80000000000000004,x=0.25,177,0.25008042895442362,0.0021646650476548754,2.5916764298810047,0.0052767656101131155,0.0020360433691776082,0.015055568844047615,0.99996207128361037
3200,0.80000000000000004,x=0.50,353,0.50016085790884723,0.0019243850160086033,2.5911093829491412,0.005937418036111303,0.0022914578887262066,0.016944314327475476,0.99991965411970896
3200,0.80000000000000004,x=0.75,529,0.75024128686327074,0.0017496606665540089,2.5907231548452483,0.0065311857115880733,0.0025209894385562785,0.01864183456659415,0.99989808867015695
3200,0.80000000000000004,x=1.00,705,1.0003217158176945,0.0016149877798611976,2.5908151529946757,0.0070750175738871568,0.0027308075474660066,0.020192187520797246,0.99991719722845029
3200,0.80000000000000004,x=1.20,846,1.2006702412868633,0.0015268352436127886,2.5909467877187748,0.0074824106076884916,0.0028879059358360866,0.021353369158307559,0.9999445606527303
3200,0.80000000000000004,x_safe,979,1.389651474530831,0.0014555160402046161,2.5910531680400939,0.0078476049933007136,0.0030287317489655157,0.022393723791031963,0.99995781598721167
3200,0.80000000000000004,xt,33,0.04546916890080429,0.0024492497399260112,2.5915842517271517,0.0046653170482827341,0.0018001795794111463,0.013311331672032007,0.99999817827553028
3300,0.82500000000000007,x=0.25,177,0.25008042895442362,0.0021646902502648552,2.5916887114260398,0.00527679994462782,0.0020360469686671345,0.015055610120631717,0.9999595923988015
3300,0.82500000000000007,x=0.50,353,0.50016085790884723,0.0019245374643664234,2.5911303581989471,0.0059374965055233901,0.0022914696231842416,0.016944405370274616,0.99991555014424227
3300,0.82500000000000007,x=0.75,529,0.75024128686327074,0.0017500645022821412,2.5907328942012731,0.0065312698681393375,0.0025210124450722035,0.018641971279092999,0.99989337561464153
3300,0.82500000000000007,x=1.00,705,1.0003217158176945,0.0016156969081765153,2.590785157661093,0.007075099137047648,0.0027308706459608176,0.020192706679172414,0.99990948516292688
3300,0.82500000000000007,x=1.20,846,1.2006702412868633,0.0015277627570805937,2.5909212347927832,0.0074824612128850318,0.0028879539495084128,0.021353718160596044,0.99994042524497939
3300,0.82500000000000007,x_safe,979,1.389651474530831,0.0014565913390705901,2.5910283264012417,0.0078476398583289756,0.003028774243170395,0.022393999694294432,0.99995658877046367
3300,0.82500000000000007,xt,33,0.04546916890080429,0.0024492534972540441,2.5915848724632777,0.0046653199814978875,0.0018001802800552481,0.013311347143359872,0.99999764814573922
3400,0.84999999999999998,x=0.25,177,0.25008042895442362,0.0021646433790367655,2.5916863826917487,0.0052768081145647822,0.0020360519505003695,0.015055630751064928,0.99996215485241469
3400,0.84999999999999998,x=0.50,353,0.50016085790884723,0.0019243416435426816,2.5911302496645696,0.0059375296501640203,0.0022914825107431991,0.01694444489908635,0.99991995080040608
3400,0.84999999999999998,x=0.75,529,0.75024128686327074,0.0017496563203462084,2.5907306792831966,0.0065312987167293404,0.0025210257356956998,0.018641983573050847,0.99989868191960707
3400,0.84999999999999998,x=1.00,705,1.0003217158176945,0.0016150448841698349,2.5907389974266715,0.0070751546594542136,0.0027309407340846844,0.020193262993125273,0.9999070340200088
3400,0.84999999999999998,x=1.20,846,1.2006702412868633,0.001526904575475035,2.5908969861425444,0.0074825067049197518,0.0028879985367770557,0.021354072215456592,0.99993754399432744
3400,0.84999999999999998,x_safe,979,1.389651474530831,0.0014555911357302044,2.5910197453288957,0.0078476905592739805,0.0030288038419706525,0.022394260736956165,0.99995337935734596
3400,0.84999999999999998,xt,33,0.04546916890080429,0.0024492511931724944,2.5915843442823601,0.0046653177411563459,0.0018001797824751973,0.013311333743254794,0.99999818149643283
3500,0.875,x=0.25,177,0.25008042895442362,0.0021646471547479098,2.5916983030990752,0.005276839212368668,0.0020360545847712217,0.01505566702421279,0.99995960663811501
3500,0.875,x=0.50,353,0.50016085790884723,0.001924457189393996,2.5911520121443923,0.0059376061338401167,0.0022914927823652681,0.016944520413051382,0.99991604253843436
3500,0.875,x=0.75,529,0.75024128686327074,0.0017500073145860742,2.5907420096183391,0.0065313767464789604,0.0025210448289450268,0.0186420945108976,0.99989432561953218
3500,0.875,x=1.00,705,1.0003217158176945,0.0016156731855528708,2.5907040148557754,0.0070752463952640831,0.0027310130198945023,0.020193875814569835,0.9998995712146358
3500,0.875,x=1.20,846,1.2006702412868633,0.0015277157068591058,2.5908691213867452,0.007482561485242626,0.0028880507407636384,0.02135445782258993,0.99993292860963856
3500,0.875,x_safe,979,1.389651474530831,0.0014565190915370849,2.5909947476434789,0.0078477293950918441,0.0030288480523665241,0.022394556570033544,0.99995160922282544
3500,0.875,xt,33,0.04546916890080429,0.0024492499309127802,2.5915851945147654,0.0046653205910526258,0.0018001802915555457,0.013311347180304507,0.99999763552301968
3600,0.90000000000000002,x=0.25,177,0.25008042895442362,0.0021646208906991602,2.5916948625562228,0.0052768443567426729,0.00203605927263291,0.015055683844424475,0.99996217964226664
3600,0.90000000000000002,x=0.50,353,0.50016085790884723,0.0019242994662179206,2.5911513044585481,0.005937638655901762,0.0022915059594107732,0.016944569126647612,0.99992022681664783
3600,0.90000000000000002,x=0.75,529,0.75024128686327074,0.0017496496707343552,2.5907400507581433,0.0065314042695734965,0.0025210573587505138,0.018642115221453745,0.99989909900883378
3600,0.90000000000000002,x=1.00,705,1.0003217158176945,0.0016150941875156439,2.590653907402229,0.0070753161841334662,0.002731092780829308,0.020194540324159942,0.99989730242034258
3600,0.90000000000000002,x=1.20,846,1.2006702412868633,0.001526967015073208,2.5908407809196108,0.0074826102269482647,0.0028881011454097677,0.021354853528572533,0.9999297169793101
3600,0.90000000000000002,x_safe,979,1.389651474530831,0.0014556582222763231,2.5909821813363334,0.0078477798486120045,0.0030288822150696566,0.022394842969976989,0.99994846103097668
3600,0.90000000000000002,xt,33,0.04546916890080429,0.0024492515150489193,2.591584450883714,0.0046653183430635601,0.0018001799406817385,0.013311335287259456,0.99999818322801792
3700,0.92500000000000004,x=0.25,177,0.25008042895442362,0.0021646131964398341,2.591706334343566,0.0052768725917010121,0.0020360611546823078,0.015055716139893665,0.99995963590125925
3700,0.92500000000000004,x=0.50,353,0.50016085790884723,0.0019243915971658252,2.5911715745616912,0.0059377123266247441,0.0022915164649523973,0.016944643535814229,0.99991645297928611
3700,0.92500000000000004,x=0.75,529,0.75024128686327074,0.0017499531194039902,2.5907521614748044,0.0065314778439589999,0.0025210739726801612,0.018642212236903741,0.99989508128540749
3700,0.92500000000000004,x=1.00,705,1.0003217158176945,0.0016156493441961634,2.5906144764002597,0.0070754227410388523,0.0027311754819151534,0.020195281443626086,0.99989091225227034
3700,0.92500000000000004,x=1.20,846,1.2006702412868633,0.0015276798249304648,2.5908097279507083,0.007482669668410046,0.0028881587048573904,0.021355284775171901,0.99992469215979829
3700,0.92500000000000004,x_safe,979,1.389651474530831,0.0014564591847580604,2.5909566081004547,0.0078478228925321723,0.0030289287238529864,0.022395174866360952,0.99994612912051728
3700,0.92500000000000004,xt,33,0.04546916890080429,0.0024492480266921418,2.5915854178601356,0.0046653210987472578,0.001800180332315421,0.013311347495493763,0.99999763281694665
3800,0.95000000000000007,x=0.25,177,0.25008042895442362,0.0021645981563560247,2.5917022082126167,0.0052768755316142998,0.0020360655305585937,0.015055730501198145,0.99996213687509761
3800,0.95000000000000007,x=0.50,353,0.50016085790884723,0.0019242703312705989,2.5911679398810068,0.0059377435801276565,0.0022915317408567248,0.016944715874379627,0.99992045043181632
3800,0.95000000000000007,x=0.75,529,0.75024128686327074,0.001749640135076117,2.5907503265859688,0.0065315050909638163,0.0025210862752532712,0.018642243452784577,0.99989941687297212
3800,0.95000000000000007,x=1.00,705,1.0003217158176945,0.001615132717018594,2.5905635604036981,0.0070755110428825443,0.0027312632475151232,0.020196084302314458,0.99988985871568903
3800,0.95000000000000007,x=1.20,846,1.2006702412868633,0.0015270250561019332,2.5907772336138719,0.0074827231004249541,0.0028882155529780201,0.02135573080132153,0.99992106995308205
3800,0.95000000000000007,x_safe,979,1.389651474530831,0.0014557179419412787,2.5909400287997282,0.0078478736475253823,0.0030289676952349092,0.022395505612595599,0.99994296424225648
3800,0.95000000000000007,xt,33,0.04546916890080429,0.0024492507214192737,2.5915846210754112,0.0046653189004310465,0.0018001800375305177,0.013311336334879251,0.99999817154804183
3900,0.97499999999999998,x=0.25,177,0.25008042895442362,0.0021645858344813492,2.5917130744402197,0.0052769010667178748,0.0020360668465808566,0.015055758070982077,0.99995968535696844
3900,0.97499999999999998,x=0.50,353,0.50016085790884723,0.0019243464707202117,2.5911848696708657,0.005937814324469431,0.0022915440708109942,0.016944804917001972,0.99991680085315682
3900,0.97499999999999998,x=0.75,529,0.75024128686327074,0.0017499016909362567,2.590762746373152,0.0065315752328002838,0.0025211012633032243,0.01864233157124455,0.99989570861149379
3900,0.97499999999999998,x=1.00,705,1.0003217158176945,0.00161561566189813,2.5905293756561019,0.0070756277902404236,0.0027313443563821327,0.020196936365883364,0.99988596576675415
3900,0.97499999999999998,x=1.20,846,1.2006702412868633,0.0015276517919654911,2.590742177711618,0.0074827883613443535,0.0028882798241057863,0.021356220394105042,0.99991572774658832
3900,0.97499999999999998,x_safe,979,1.389651474530831,0.0014564103234710173,2.5909132916142164,0.0078479210042141714,0.003029017230956688,0.022395870715955814,0.99994008606666218
3900,0.97499999999999998,xt,33,0.04546916890080429,0.0024492469297733343,2.5915855545450244,0.004665321509471361,0.0018001803958543822,0.01331134792401955,0.99999764196590069
4000,1,x=0.25,177,0.25008042895442362,0.0021645767845506658,2.5917086052936584,0.0052769024864035546,0.0020360709053576821,0.015055771670751965,0.99996205206864852
4000,1,x=0.50,353,0.50016085790884723,0.0019242448704342148,2.5911789037966368,0.0059378452125945225,0.00229156126730358,0.016944898455467611,0.99992060765381863
4000,1,x=0.75,529,0.75024128686327074,0.0017496276194084491,2.5907610075045038,0.0065316027291238959,0.0025211135686403299,0.018642371615267911,0.99989967262920987
4000,1,x=1.00,705,1.0003217158176945,0.0016151520645312594,2.5905088582994114,0.0070756927919558513,0.0027313910814421318,0.020197518479448513,0.99988769065724414
4000,1,x=1.20,846,1.2006702412868633,0.001527081405717724,2.5907052126542238,0.0074828483267254551,0.0028883441814127292,0.021356730481181568,0.99991173443609982
4000,1,x_safe,979,1.389651474530831,0.0014557719287228103,2.5908925923007864,0.0078479729022955316,0.0030290614615275536,0.022396236145787781,0.99993681630209974
4000,1,xt,33,0.04546916890080429,0.0024492499262371691,2.5915847940957724,0.004665319411000078,0.0018001801143565711,0.013311337276754738,0.99999815444940932
4100,1.0249999999999999,x=0.25,177,0.25008042895442362,0.002164562736473329,2.5917187968613264,0.0052769255080794093,0.0020360717815798434,0.015055794078489802,0.99995973589159215
4100,1.0249999999999999,x=0.50,353,0.50016085790884723,0.0019242996648368474,2.5911949385769386,0.005937914421185542,0.0022915737958513426,0.016944988976929674,0.99991715355680599
4100,1.0249999999999999,x=0.75,529,0.75024128686327074,0.0017498530548100105,2.5907735066419995,0.006531670016199872,0.0025211273773853814,0.0186424540932996,0.99989624366083141
4100,1.0249999999999999,x=1.00,705,1.0003217158176945,0.0016155720593859571,2.5905063980281509,0.0070757609423922991,0.0027314199832813566,0.020197801311160574,0.99988502975090154
4100,1.0249999999999999,x=1.20,846,1.2006702412868633,0.0015276286107559905,2.5906657471612822,0.0074829215886965663,0.0028884164608637629,0.021357295370695948,0.99990619159513661
4100,1.0249999999999999,x_safe,979,1.389651474530831,0.0014563714444528687,2.590864077931045,0.0078480247278848378,0.0030291148017891931,0.022396636148222116,0.99993340645145579
4100,1.0249999999999999,xt,33,0.04546916890080429,0.0024492458802642171,2.5915856778963366,0.0046653218568009861,0.0018001804441935177,0.013311348159586558,0.99999765263313101
4200,1.05,x=0.25,177,0.25008042895442362,0.0021645573309155451,2.5917141731747129,0.0052769258761378255,0.0020360755559992445,0.015055807873939911,0.9999619528347774
4200,1.05,x=0.50,353,0.50016085790884723,0.0019241954123446015,2.5911915273707611,0.0059379471922888236,0.0022915894597393808,0.016945074464039835,0.99992074965460931
4200,1.05,x=0.75,529,0.75024128686327074,0.0017496114205673226,2.5907718331890397,0.0065316981639682564,0.0025211398704795399,0.018642500420927743,0.99989987103177802
4200,1.05,x=1.00,705,1.0003217158176945,0.0016151611915160473,2.590509730733328,0.0070758011942406648,0.0027314320074905214,0.020197870995960002,0.99988848413711684
4200,1.05,x=1.20,846,1.2006702412868633,0.0015271358612856882,2.5906237819617086,0.0074829908493145034,0.0028884899850831016,0.021357891904313316,0.99990207229456951
4200,1.05,x_safe,979,1.389651474530831,0.0014558214257252386,2.5908391045600219,0.0078480787361777469,0.0030291648456149552,0.022397042393477725,0.99992994694239934
4200,1.05,xt,33,0.04546916890080429,0.0024492492550372215,2.5915849378150817,0.0046653198658659079,0.0018001801900419882,0.013311338223639953,0.99999813828291473
4300,1.075,x=0.25,177,0.25008042895442362,0.0021645432808488282,2.5917236847488661,0.0052769466042122551,0.0020360760814375099,0.015055825381760488,0.99995978048662892
4300,1.075,x=0.50,353,0.50016085790884723,0.0019242253403832039,2.5912111020391944,0.0059380166191411576,0.0022915989416949249,0.01694513856107429,0.99991757183957319
4300,1.075,x=0.75,529,0.75024128686327074,0.001749807802053104,2.5907842429600119,0.0065317628875610776,0.0025211527765424554,0.018642578898569424,0.99989673654703604
4300,1.075,x=1.00,705,1.0003217158176945,0.0016155240130767087,2.5905075596062215,0.0070758675996918704,0.0027314599308744967,0.020198013845855196,0.99988621542873812
4300,1.075,x=1.20,846,1.2006702412868633,0.001527608574477101,2.5905799489720294,0.0074830757792272821,0.0028885716428850802,0.021358557451388933,0.99989660592796314
4300,1.075,x_safe,979,1.389651474530831,0.0014563415581452675,2.5908081226298072,0.0078481354409990836,0.00302922295651629,0.022397484893109443,0.99992602557139165
4300,1.075,xt,33,0.04546916890080429,0.0024492450663385775,2.5915857904496962,0.0046653221556805019,0.001800180481338018,0.013311348299049964,0.99999766306382154
4400,1.1000000000000001,x=0.25,177,0.25008042895442362,0.0021645392308971695,2.5917190705151203,0.0052769462599985446,0.0020360795736050663,0.015055839472360642,0.99996184417924816
4400,1.1000000000000001,x=0.50,353,0.50016085790884723,0.0019241143835177143,2.5912136913115611,0.0059380526912353737,0.0022916105727389031,0.016945193558716244,0.99992095276614434
4400,1.1000000000000001,x=0.75,529,0.75024128686327074,0.0017495915914490163,2.590782775283397,0.0065317919519791313,0.0025211654231662244,0.018642632067783715,0.99990000179394101
4400,1.1000000000000001,x=1.00,705,1.0003217158176945,0.001615168274745954,2.5905104856542756,0.0070759045474510524,0.0027314711083533476,0.020198051464013829,0.99988915118385813
4400,1.1000000000000001,x=1.20,846,1.2006702412868633,0.0015271851181885415,2.5905329826406738,0.0074831585470621839,0.0028886559627718717,0.021359273274453722,0.99989290180242962
4400,1.1000000000000001,x_safe,979,1.389651474530831,0.0014558677232188357,2.5907786761962308,0.0078481926948719694,0.0030292794853455599,0.02239793985754281,0.99992230752942091
4400,1.1000000000000001,xt,33,0.04546916890080429,0.0024492484051885466,2.5915850723862275,0.004665320276342865,0.0018001802549538631,0.01331133905958299,0.99999812152134893
4500,1.125,x=0.25,177,0.25008042895442362,0.0021645271372982586,2.5917278481741222,0.0052769648873191594,0.0020360798650355177,0.01505585298142423,0.9999598244551885
4500,1.125,x=0.50,353,0.50016085790884723,0.001924132293877362,2.5912371919214197,0.0059381223390242268,0.0022916166677204373,0.016945229524382072,0.99991807436853697
4500,1.125,x=0.75,529,0.75024128686327074,0.0017497645392709313,2.5907948533271989,0.0065318543206479085,0.0025211777429075283,0.01864270323796121,0.99989719358297691
4500,1.125,x=1.00,705,1.0003217158176945,0.0016154792354915422,2.5905107148443842,0.0070759654467705728,0.0027314943753072398,0.020198158726984411,0.99988704376487703
4500,1.125,x=1.20,846,1.2006702412868633,0.0015275886032180028,2.5904860143904602,0.0074832600771175531,0.0028887475305974038,0.021360075165087179,0.99988819232540105
4500,1.125,x_safe,979,1.389651474530831,0.0014563193501943544,2.5907445156437561,0.0078482550963283361,0.0030293435145526799,0.022398435323303517,0.99991790680317971
4500,1.125,xt,33,0.04546916890080429,0.0024492446651708955,2.5915858726942274,0.0046653224063399725,0.0018001805209294018,0.013311348455132366,0.99999767623774893
4600,1.1500000000000001,x=0.25,177,0.25008042895442362,0.0021645223588011085,2.591723415723497,0.0052769641071681054,0.0020360830461899444,0.015055866860084279,0.99996172811859041
4600,1.1500000000000001,x=0.50,353,0.50016085790884723,0.0019240267987518983,2.5912436343886456,0.005938160781794437,0.0022916258058441629,0.016945264538680668,0.99992120723287259
4600,1.1500000000000001,x=0.75,529,0.75024128686327074,0.001749569561378418,2.5907938911254189,0.0065318844655301031,0.0025211903146385405,0.018642764536092628,0.99990010593972312
4600,1.1500000000000001,x=1.00,705,1.0003217158176945,0.0016151723831920239,2.5905134302358985,0.0070759998764482173,0.0027315048028158108,0.020198195398554653,0.99988964225839494
4600,1.1500000000000001,x=1.20,846,1.2006702412868633,0.0015272227877811731,2.5904372937298779,0.007483359655985739,0.002888840302793324,0.021360942115256312,0.9998859593766537
4600,1.1500000000000001,x_safe,979,1.389651474530831,0.001455912040654651,2.5907102905138482,0.0078483170620496107,0.0030294074527696248,0.022398950424941711,0.99991391128219864
4600,1.1500000000000001,xt,33,0.04546916890080429,0.0024492473991170349,2.5915852119461462,0.0046653206525852564,0.0018001803031905102,0.013311339756159541,0.9999981021403006
4700,1.175,x=0.25,177,0.25008042895442362,0.0021645137107091242,2.5917314060823124,0.0052769807869869657,0.0020360832046881368,0.01505587760370305,0.99995986925644909
4700,1.175,x=0.50,353,0.50016085790884723,0.00192405035178188,2.5912670029920872,0.0059382285819412454,0.0022916313043327779,0.016945296358265954,0.99991863084391475
4700,1.175,x=0.75,529,0.75024128686327074,0.0017497214006384364,2.5908055270138268,0.0065319446231721203,0.0025212022110748184,0.018642827745236942,0.99989759469288486
4700,1.175,x=1.00,705,1.0003217158176945,0.0016154381259391192,2.5905153501090523,0.0070760570564594207,0.0027315248512854947,0.02019828463761757,0.9998876739045216
4700,1.175,x=1.20,846,1.2006702412868633,0.001527562071951923,2.5903974130557645,0.007483471505433918,0.002888927956658988,0.021361861141108097,0.99988336587458504
4700,1.175,x_safe,979,1.389651474530831,0.0014563035127896471,2.5906723401662601,0.0078483865731268643,0.003029478661366795,0.022399513136244387,0.99990909287664287
4700,1.175,xt,33,0.04546916890080429,0.0024492444210452852,2.5915859334221909,0.0046653226168267593,0.0018001805599655335,0.013311348591966612,0.9999976912202625
4800,1.2,x=0.25,177,0.25008042895442362,0.0021645066199117396,2.5917272833786758,0.0052769798035920404,0.002036086064083396,0.015055890590105727,0.99996160611196316
4800,1.2,x=0.50,353,0.50016085790884723,0.0019239578429833793,2.591273028321861,0.0059382670266418915,0.002291640811963216,0.016945336235564233,0.99992145119630649
4800,1.2,x=0.75,529,0.75024128686327074,0.0017495462254033551,2.5908052011643399,0.0065319757716244108,0.0025212145508619714,0.018642893980926292,0.99990020272138513
4800,1.2,x=1.00,705,1.0003217158176945,0.0016151730254261433,2.5905177252762948,0.0070760899943992008,0.0027315350616427423,0.020198326733733354,0.99989002457794385
4800,1.2,x=1.20,846,1.2006702412868633,0.0015272405003505837,2.590378434659057,0.0074835428938626802,0.0028889766814506608,0.021362509512194833,0.99988404413233445
4800,1.2,x_safe,979,1.389651474530831,0.0014559544972684382,2.5906329611782382,0.0078484553777884158,0.0030295512700567523,0.02240010571443686,0.99990489537141625
4800,1.2,xt,33,0.04546916890080429,0.0024492464645919547,2.5915853379719405,0.004665320995018131,0.0018001803477824133,0.013311340419404967,0.99999808306655591
4900,1.2250000000000001,x=0.25,177,0.25008042895442362,0.0021645026679460583,2.5917344561392079,0.0052769946513503436,0.0020360861579975477,0.015055899502485334,0.99995991911018733
4900,1.2250000000000001,x=0.50,353,0.50016085790884723,0.0019239911965035752,2.5912929205848378,0.0059383305190241695,0.0022916477222049937,0.016945380149438645,0.99991916846148254
4900,1.2250000000000001,x=0.75,529,0.75024128686327074,0.0017496788318485121,2.5908163241603979,0.0065320338628199904,0.0025212261486490428,0.018642951933334539,0.99989794183079495
4900,1.2250000000000001,x=1.00,705,1.0003217158176945,0.0016154003004242364,2.5905208103836657,0.0070761444624346569,0.0027315528344999682,0.020198405120553774,0.99988818458088491
4900,1.2250000000000001,x=1.20,846,1.2006702412868633,0.0015275293485082051,2.590371959347042,0.0074836026504917713,0.0028890069719478325,0.02136281670235262,0.99988235146275861
4900,1.2250000000000001,x_safe,979,1.389651474530831,0.0014562928976666124,2.5905907477715822,0.0078485343684192802,0.003029631127637804,0.022400756815797767,0.9998998234975417
4900,1.2250000000000001,xt,33,0.04546916890080429,0.0024492443194448878,2.5915859873384761,0.004665322793902125,0.0018001805908409579,0.013311348654333782,0.99999770620421724
5000,1.25,x=0.25,177,0.25008042895442362,0.0021644918052788676,2.5917307493800306,0.0052769936752788526,0.0020360886934497982,0.015055911428044893,0.99996147565169446
5000,1.25,x=0.50,353,0.50016085790884723,0.0019239076615363527,2.5912969128985894,0.0059383670236090296,0.0022916582789297012,0.016945433172405981,0.99992164156799956
5000,1.25,x=0.75,529,0.75024128686327074,0.0017495229997098562,2.5908163328668818,0.0065320657707680025,0.0025212384559656956,0.018643022438690267,0.99990029059690433
5000,1.25,x=1.00,705,1.0003217158176945,0.001615170371007759,2.5905228668939193,0.0070761765137607935,0.0027315630385634265,0.020198452754877552,0.99989033221369239
5000,1.25,x=1.20,846,1.2006702412868633,0.001527246665179045,2.5903762104923702,0.0074836461776717281,0.0028890190341306684,0.021362933563361178,0.99988489097952871
5000,1.25,x_safe,979,1.389651474530831,0.0014559940895558677,2.5905460508734128,0.0078486132419493225,0.0030297138471262193,0.022401452799085828,0.99989565951720161
5000,1.25,xt,33,0.04546916890080429,0.0024492453773062904,2.5915854597043873,0.004665321312427086,0.001800180385700745,0.01331134102657244,0.99999806281111481
5100,1.2750000000000001,x=0.25,177,0.25008042895442362,0.0021644936603528245,2.5917370583676562,0.0052770067642679379,0.0020360887873369124,0.015055918887637689,0.9999599784450478
5100,1.2750000000000001,x=0.50,353,0.50016085790884723,0.0019239439974576863,2.5913133196811309,0.0059384249340784425,0.002291666117322001,0.016945485009948986,0.99991963137314055
5100,1.2750000000000001,x=0.75,529,0.75024128686327074,0.0017496395794787383,2.5908265647591575,0.00653212190881889,0.002521250166904211,0.018643080227388444,0.99989824412788197
5100,1.2750000000000001,x=1.00,705,1.0003217158176945,0.0016153653155716755,2.5905267709946598,0.0070762287969070841,0.0027315791043495343,0.02019852480605186,0.99988861586875721
5100,1.2750000000000001,x=1.20,846,1.2006702412868633,0.001527494476116458,2.590370414313715,0.0074837057382666069,0.0028890484916418093,0.021363072358843396,0.99988345550950775
5100,1.2750000000000001,x_safe,979,1.389651474530831,0.0014562850372595096,2.5904995264256141,0.0078487054854488539,0.0030298038680896971,0.022402224223953878,0.99989072872498119
5100,1.2750000000000001,xt,33,0.04546916890080429,0.0024492445450325527,2.5915860154998209,0.0046653229337661351,0.0018001806252478821,0.013311348727041525,0.9999977245532693
5200,1.3,x=0.25,177,0.25008042895442362,0.0021644780842547959,2.5917338846634363,0.0052770059816733255,0.0020360909786687454,0.015055929773053291,0.9999613366582919
5200,1.3,x=0.50,353,0.50016085790884723,0.0019238637331866076,2.591316235774225,0.005938458764802204,0.0022916765938557596,0.016945543378084293,0.99992177376654878
5200,1.3,x=0.75,529,0.75024128686327074,0.0017495016847056196,2.5908264133360279,0.0065321544294284105,0.0025212628664756458,0.018643157678710113,0.99990036530660498
5200,1.3,x=1.00,705,1.0003217158176945,0.0016151645997154931,2.5905285400578335,0.0070762604145409155,0.0027315894440533505,0.020198575927025154,0.99989057605897713
5200,1.3,x=1.20,846,1.2006702412868633,0.0015272498130626797,2.5903738447791325,0.0074837454323637047,0.0028890599893320822,0.021363140096023914,0.99988559186801684
5200,1.3,x_safe,979,1.389651474530831,0.0014560283731282855,2.5904502087287731,0.0078487990145289614,0.00302989765565911,0.022403061322587684,0.99988715805355188
5200,1.3,xt,33,0.04546916890080429,0.0024492441542366614,2.5915855916865356,0.004665321614945434,0.0018001804107536212,0.013311341548224642,0.99999803893234551
5300,1.325,x=0.25,177,0.25008042895442362,0.0021644858131942019,2.591739280794497,0.0052770173874422954,0.0020360911402417868,0.015055936168419807,0.99996004446521869
5300,1.325,x=0.50,353,0.50016085790884723,0.0019238979102271772,2.5913305697873437,0.0059385110732601103,0.0022916841033320777,0.016945592628731437,0.99992000854677954
5300,1.325,x=0.75,529,0.75024128686327074,0.0017496040573465375,2.5908355295636345,0.0065322089237963748,0.0025212750285606017,0.018643219000897493,0.99989850941365588
5300,1.325,x=1.00,705,1.0003217158176945,0.001615332766439396,2.5905330475781798,0.0070763108339474074,0.0027316041540419111,0.020198644107487222,0.99988900300894201
5300,1.325,x=1.20,846,1.2006702412868633,0.0015274627784237743,2.5903706142423712,0.0074837999337905243,0.0028890846323854618,0.021363238972489252,0.99988423199424226
5300,1.325,x_safe,979,1.389651474530831,0.001456275271409595,2.5904013744670764,0.0078489085940866583,0.0030299970774611772,0.022403992329742651,0.99988320231859296
5300,1.325,xt,33,0.04546916890080429,0.0024492448574200474,2.5915860221216938,0.0046653230396396976,0.0018001806615009699,0.013311348773983461,0.99999774620472526
5400,1.3500000000000001,x=0.25,177,0.25008042895442362,0.002164466145933637,2.5917367066743053,0.0052770169075347356,0.002036092977324907,0.015055945893870697,0.99996119826302077
5400,1.3500000000000001,x=0.50,353,0.50016085790884723,0.0019238198567994456,2.5913334733331634,0.0059385422952595345,0.0022916935841611097,0.016945648729202244,0.99992185903402586
5400,1.3500000000000001,x=0.75,529,0.75024128686327074,0.0017494792908015319,2.5908355127423088,0.0065322423202333569,0.0025212879351492316,0.018643300382068243,0.99990043695128594
5400,1.3500000000000001,x=1.00,705,1.0003217158176945,0.0016151561724284031,2.5905345860672968,0.007076342273335855,0.0027316146680282254,0.020198699952704662,0.99989076093894613
5400,1.3500000000000001,x=1.20,846,1.2006702412868633,0.0015272509228001709,2.5903738267771605,0.0074838365028475741,0.0028890951666843637,0.021363296503407035,0.99988608948756874
5400,1.3500000000000001,x_safe,979,1.389651474530831,0.0014560517601138463,2.5903533597932547,0.0078490166350173168,0.0030300949503058437,0.02240499025365543,0.99988136360604407
5400,1.3500000000000001,xt,33,0.04546916890080429,0.0024492431060798058,2.5915857193146983,0.0046653218995986057,0.0018001804319373515,0.013311342071046645,0.99999801367576724
5500,1.375,x=0.25,177,0.25008042895442362,0.00216447815539648,2.5917412222472835,0.0052770267669342589,0.0020360932340145366,0.015055951638217623,0.99996010614233355
5500,1.375,x=0.50,353,0.50016085790884723,0.0019238518411893338,2.5913464768104606,0.0059385894999442902,0.0022917003006304886,0.016945691207240109,0.99992031548089355
5500,1.375,x=0.75,529,0.75024128686327074,0.0017495658737194824,2.5908445096056321,0.0065322957422729788,0.002521299799372097,0.018643360948753011,0.99989876072400419
5500,1.375,x=1.00,705,1.0003217158176945,0.0016153019108912836,2.5905394687629193,0.007076391097989943,0.0027316283667236261,0.02019876109968851,0.99988934646552219
5500,1.375,x=1.20,846,1.2006702412868633,0.0015274335384459223,2.5903724040588245,0.0074838874863330952,0.0028891164353846105,0.021363376303592699,0.99988481889095437
5500,1.375,x_safe,979,1.389651474530831,0.0014562560295683581,2.5903198150313793,0.0078491230090670938,0.0030301752561669722,0.022405980190142998,0.99987980596542225
5500,1.375,xt,33,0.04546916890080429,0.0024492449650482281,2.5915860282676002,0.0046653231249261023,0.0018001806901408305,0.013311348726429141,0.99999776762442505
5600,1.4000000000000001,x=0.25,177,0.25008042895442362,0.0021644564149961992,2.5917392056969306,0.005277026592014995,0.002036094750743248,0.015055960127142822,0.99996107246403121
5600,1.4000000000000001,x=0.50,353,0.50016085790884723,0.0019237775180348494,2.591349579861995,0.005938618361336555,0.0022917086939898022,0.016945743353972993,0.99992191102217653
5600,1.4000000000000001,x=0.75,529,0.75024128686327074,0.0017494470124546752,2.5908461722758642,0.0065323304920335366,0.0025213115938471074,0.018643432227729791,0.99990051043472294
5600,1.4000000000000001,x=1.00,705,1.0003217158176945,0.0016151457938962316,2.5905409208636985,0.0070764225749788438,0.0027316389862776349,0.020198824729837226,0.99989092035078175
5600,1.4000000000000001,x=1.20,846,1.2006702412868633,0.0015272499730185607,2.590375322215515,0.0074839221105259188,0.0028891265471619053,0.021363433591711039,0.99988647181381962
5600,1.4000000000000001,x_safe,979,1.389651474530831,0.0014560600409031193,2.5903098192589846,0.0078491775653858654,0.0030302080110368016,0.022406344205053115,0.99988011211834038
5600,1.4000000000000001,xt,33,0.04546916890080429,0.0024492424118469423,2.5915858259080342,0.0046653221577726382,0.0018001804575150479,0.013311342636701194,0.99999799070338213
5700,1.425,x=0.25,177,0.25008042895442362,0.0021644702749423223,2.5917429676806947,0.0052770351112240406,0.0020360950823554726,0.015055965431324345,0.99996015402289151
5700,1.425,x=0.50,353,0.50016085790884723,0.0019238082964779209,2.5913612887865098,0.0059386609626231827,0.0022917147787617667,0.016945780488982671,0.99992056645493255
5700,1.425,x=0.75,529,0.75024128686327074,0.0017495174277857241,2.5908567476620874,0.0065323832020987987,0.002521321646977753,0.01864348006952787,0.99989902924361784
5700,1.425,x=1.00,705,1.0003217158176945,0.001615272180430222,2.590545959697486,0.0070764699525621413,0.0027316519616538688,0.020198878617671792,0.99988963907990713
5700,1.425,x=1.20,846,1.2006702412868633,0.0015274063217968119,2.5903751826393502,0.0074839705214878828,0.0028891453916194548,0.02136350251127438,0.99988528959453016
5700,1.425,x_safe,979,1.389651474530831,0.0014562306173820248,2.5903077580825222,0.0078492355321194956,0.0030302328005726623,0.022406851002549934,0.99987975674638974
5700,1.425,xt,33,0.04546916890080429,0.0024492447944112158,2.5915860458829054,0.0046653232023156988,0.001800180707766664,0.01331134859275665,0.99999778580960663
5800,1.45,x=0.25,177,0.25008042895442362,0.0021644487447017185,2.5917413886909877,0.0052770351636008328,0.0020360963430329396,0.015055972806471456,0.99996096661839029
5800,1.45,x=0.50,353,0.50016085790884723,0.001923738731847607,2.5913644230280295,0.0059386876416559721,0.0022917223023061224,0.01694582915006285,0.99992193853731515
5800,1.45,x=0.75,529,0.75024128686327074,0.0017494027156785216,2.590861161784388,0.0065324191924895098,0.002521331242616828,0.018643531807693108,0.99990058892972877
5800,1.45,x=1.00,705,1.0003217158176945,0.0016151337257349992,2.5905474501664534,0.0070765015923228624,0.0027316626035428027,0.020198947976661347,0.99989106078560963
5800,1.45,x=1.20,846,1.2006702412868633,0.0015272471000312804,2.590377816011904,0.0074840038425022298,0.0028891553179004824,0.021363561405199204,0.99988678063781788
5800,1.45,x_safe,979,1.389651474530831,0.0014560602564006883,2.59030628663582,0.0078492809975584943,0.0030302520740714441,0.022406753673047883,0.99988112864558698
5800,1.45,xt,33,0.04546916890080429,0.0024492420472781132,2.5915859079312131,0.0046653223841755581,0.0018001804879004561,0.013311343212679162,0.99999797199629292
5900,1.4750000000000001,x=0.25,177,0.25008042895442362,0.0021644623177900545,2.5917445636720031,0.005277042576725067,0.00203609670902464,0.015055977736359052,0.99996018417984966
5900,1.4750000000000001,x=0.50,353,0.50016085790884723,0.0019237682563451326,2.5913748088902566,0.0059387260510587285,0.0022917279394260833,0.016945862952513945,0.99992077193617801
5900,1.4750000000000001,x=0.75,529,0.75024128686327074,0.0017494640692537991,2.5908731578028172,0.0065324705522193677,0.0025213393919134241,0.018643564735607746,0.99989930619375078
5900,1.4750000000000001,x=1.00,705,1.0003217158176945,0.0016152434942998774,2.5905525128063283,0.0070765476795049105,0.0027316750556192872,0.020198997189971531,0.99988989457802657
5900,1.4750000000000001,x=1.20,846,1.2006702412868633,0.0015273807554284236,2.5903786422930697,0.0074840502071640809,0.0028891722951124269,0.021363624326828822,0.99988568056003291
5900,1.4750000000000001,x_safe,979,1.389651474530831,0.0014562048656321627,2.5903043228556109,0.0078493367579625124,0.0030302758979721825,0.022407099361527596,0.99988065860578423
5900,1.4750000000000001,xt,33,0.04546916890080429,0.0024492444055784469,2.5915860757562323,0.0046653232792186628,0.0018001807166899938,0.01331134842418516,0.99999779956538981
6000,1.5,x=0.25,177,0.25008042895442362,0.0021644425722822766,2.591743289540521,0.0052770427551882357,0.0020360977788520789,0.015055984072142717,0.99996088147500795
6000,1.5,x=0.50,353,0.50016085790884723,0.0019237036617812775,2.5913778622175379,0.0059387506633017239,0.0022917347369093119,0.01694590842596223,0.99992194645168586
6000,1.5,x=0.75,529,0.75024128686327074,0.0017493612861187765,2.5908785786147774,0.006532506569976817,0.0025213480183503795,0.018643608845591471,0.99990065799903205
6000,1.5,x=1.00,705,1.0003217158176945,0.0016151199815056143,2.5905541249735555,0.0070765795418237416,0.0027316856550511099,0.020199069580758202,0.99989117885774936
6000,1.5,x=1.20,846,1.2006702412868633,0.0015272424164846409,2.5903809725265283,0.0074840826594801098,0.0028891822241037036,0.021363683719373396,0.99988703211852681
6000,1.5,x_safe,979,1.389651474530831,0.0014560589995491467,2.5903033423688564,0.0078493777458383193,0.0030302928685796279,0.022406998552980981,0.99988185202954705
6000,1.5,xt,33,0.04546916890080429,0.002449241916865688,2.5915859678454027,0.0046653225782355961,0.0018001805211633633,0.013311343758893156,0.99999795812493275
6100,1.5250000000000001,x=0.25,177,0.25008042895442362,0.0021644547372641535,2.591746024125785,0.0052770492723211776,0.002036098145110945,0.015055988807531107,0.99996019970363714
6100,1.5250000000000001,x=0.50,353,0.50016085790884723,0.0019237313191071456,2.5913870297229153,0.0059387852572614017,0.0022917399790707478,0.016945939472352244,0.99992093721837239
6100,1.5250000000000001,x=0.75,529,0.75024128686327074,0.0017494248371702032,2.5908889390374572,0.0065325550949404494,0.002521356665086294,0.018643645866250988,0.99989954674253745
6100,1.5250000000000001,x=1.00,705,1.0003217158176945,0.0016152157855506459,2.5905591142850763,0.0070766244520448236,0.0027316977300468896,0.020199116058495819,0.99989012446413361
6100,1.5250000000000001,x=1.20,846,1.2006702412868633,0.001527356633101323,2.590382606837164,0.0074841273313336126,0.002889197646548311,0.021363743349772112,0.99988602278535543
6100,1.5250000000000001,x_safe,979,1.389651474530831,0.0014561814952539795,2.5903028946489837,0.0078494289657644184,0.0030303131660701431,0.022407268876119189,0.99988127866175169
6100,1.5250000000000001,xt,33,0.04546916890080429,0.0024492439225257401,2.5915861148316095,0.0046653233573244407,0.0018001807196854711,0.013311348259231444,0.99999780900371527
6200,1.55,x=0.25,177,0.25008042895442362,0.0021644372363631599,2.5917449569464646,0.0052770495012696454,0.0020360990718341922,0.015055994071519136,0.99996081117960467
6200,1.55,x=0.50,353,0.50016085790884723,0.0019236718562079438,2.5913899740258262,0.0059388079067736127,0.002291746115520946,0.016945981845729523,0.9999219410564979
6200,1.55,x=0.75,529,0.75024128686327074,0.0017493416011442632,2.5908917926455368,0.0065325895778513233,0.0025213671973467306,0.018643708106327418,0.99990068414776367
6200,1.55,x=1.00,705,1.0003217158176945,0.0016151049324857865,2.5905609100340392,0.0070766565558238303,0.0027317082290610356,0.020199190008074797,0.99989127587800697
6200,1.55,x=1.20,846,1.2006702412868633,0.0015272359448695728,2.5903846160454322,0.0074841591460919647,0.0028892076874350546,0.021363805076476578,0.99988723163899129
6200,1.55,x_safe,979,1.389651474530831,0.0014560563315332191,2.5903024641047581,0.0078494666325825378,0.0030303282112250991,0.022407185390571974,0.99988237556876103
6200,1.55,xt,33,0.04546916890080429,0.0024492418482372292,2.5915860136424564,0.0046653227450764549,0.0018001805537294809,0.013311344242154601,0.99999794796697727
6300,1.575,x=0.25,177,0.25008042895442362,0.0021644479315511863,2.5917473479634494,0.005277055274823716,0.0020360994210991807,0.015055998760921653,0.99996020802042196
6300,1.575,x=0.50,353,0.50016085790884723,0.0019236970676801792,2.5913980789049522,0.0059388390574198436,0.0022917509686236322,0.01694601021800787,0.99992106539163328
6300,1.575,x=0.75,529,0.75024128686327074,0.0017494100874778271,2.5908976170927667,0.0065326343065872884,0.0025213787930059256,0.018643769605685319,0.99989970969928399
6300,1.575,x=1.00,705,1.0003217158176945,0.0016151889442285114,2.5905657029911802,0.0070767003670371082,0.0027317200868003625,0.020199235227808011,0.99989032953329082
6300,1.575,x=1.20,846,1.2006702412868633,0.0015273338570346801,2.5903868737254894,0.0074842024146122982,0.0028892218728118141,0.021363858156402741,0.99988632160027202
6300,1.575,x_safe,979,1.389651474530831,0.0014561601036421163,2.5903030095358188,0.0078495147578325642,0.0030303461521434876,0.022407410367460023,0.99988174793720863
6300,1.575,xt,33,0.04546916890080429,0.002449243515965161,2.5915861526860762,0.0046653234325684557,0.0018001807224247719,0.013311348137988418,0.99999781611271887
6400,1.6000000000000001,x=0.25,177,0.25008042895442362,0.0021644323099513064,2.5917464383664583,0.0052770555253456655,0.0020361002323482386,0.015056003024761422,0.99996074837273097
6400,1.6000000000000001,x=0.50,353,0.50016085790884723,0.001923642918536404,2.5914008954147696,0.005938859851598581,0.0022917565020938338,0.016946049486871735,0.99992192743030228
6400,1.6000000000000001,x=0.75,529,0.75024128686327074,0.0017493416842081035,2.5908966399004059,0.0065326668838803321,0.0025213923177311495,0.018643860132469534,0.99990065278953844
6400,1.6000000000000001,x=1.00,705,1.0003217158176945,0.0016150892497743313,2.5905676836350624,0.0070767327367335583,0.0027317304934505889,0.020199309429797686,0.99989135937546003
6400,1.6000000000000001,x=1.20,846,1.2006702412868633,0.0015272277699993533,2.5903886810847996,0.0074842338306788389,0.0028892319848867628,0.021363926100929319,0.9998874036569122
6400,1.6000000000000001,x_safe,979,1.389651474530831,0.0014560522167097415,2.5903029287816617,0.0078495501814094711,0.0030303599220734673,0.022407346496184713,0.99988277958926897
6400,1.6000000000000001,xt,33,0.04546916890080429,0.0024492417145262472,2.5915860569644216,0.0046653228928448193,0.0018001805806554651,0.01331134463735195,0.99999793925877278
