job_id,node,gpu_name,gpu_uuid,cuda_runtime,driver_version,julia_version,source_commit,numerical_fingerprint,case,Nx,Ny,Nz,total_nodes,pressure_unknowns,gmg_levels,measured_step,step_time_s,poisson_time_s,poisson_fraction,bicgstab_iterations,div_post,cfl,diffusion_metric,gpu_total_bytes,gpu_used_bytes,gpu_free_bytes,gpu_pool_bytes,host_rss_bytes
522679,a121,NVIDIA A100 80GB PCIe,d1e927df-97ab-aff6-f55d-06ae94c9b8f5,12.9.0,12.5.0,1.10.4,c242d0871ff6a2b91f3e74c8ffcb890252766205,9f9c0891bc1021e55844d1e23a2493846521ea924ca08701f4531b3cf2020c9e,G1,140,128,15,268800,264795,4,1,0.051283424000000001,0.042378902435302734,0.82636647731053869,7,3.6525144778728525e-11,0.022572857737734865,0.0019636960198757174,85100068864,674234368,84425834496,167772160,1840930816
522679,a121,NVIDIA A100 80GB PCIe,d1e927df-97ab-aff6-f55d-06ae94c9b8f5,12.9.0,12.5.0,1.10.4,c242d0871ff6a2b91f3e74c8ffcb890252766205,9f9c0891bc1021e55844d1e23a2493846521ea924ca08701f4531b3cf2020c9e,G1,140,128,15,268800,264795,4,2,0.051328919000000001,0.042462825775146484,0.82726904447659388,7,1.0896172487205498e-10,0.022572857329345188,0.0019636960198757174,85100068864,674234368,84425834496,167772160,1840943104
522679,a121,NVIDIA A100 80GB PCIe,d1e927df-97ab-aff6-f55d-06ae94c9b8f5,12.9.0,12.5.0,1.10.4,c242d0871ff6a2b91f3e74c8ffcb890252766205,9f9c0891bc1021e55844d1e23a2493846521ea924ca08701f4531b3cf2020c9e,G1,140,128,15,268800,264795,4,3,0.071036347999999999,0.062251806259155273,0.87633736828862985,7,3.6473838275442707e-11,0.02257285745594708,0.0019636960198757174,85100068864,674234368,84425834496,167772160,1840943104
522679,a121,NVIDIA A100 80GB PCIe,d1e927df-97ab-aff6-f55d-06ae94c9b8f5,12.9.0,12.5.0,1.10.4,c242d0871ff6a2b91f3e74c8ffcb890252766205,9f9c0891bc1021e55844d1e23a2493846521ea924ca08701f4531b3cf2020c9e,G1,140,128,15,268800,264795,4,4,0.051173310000000007,0.042397975921630859,0.82851736425943234,7,7.8746162679443164e-11,0.022572857848232847,0.0019636960198757174,85100068864,674234368,84425834496,167772160,1840943104
522679,a121,NVIDIA A100 80GB PCIe,d1e927df-97ab-aff6-f55d-06ae94c9b8f5,12.9.0,12.5.0,1.10.4,c242d0871ff6a2b91f3e74c8ffcb890252766205,9f9c0891bc1021e55844d1e23a2493846521ea924ca08701f4531b3cf2020c9e,G1,140,128,15,268800,264795,4,5,0.050996222000000001,0.042222023010253906,0.82794413692555313,7,1.4352547199504438e-10,0.02257285833948534,0.0019636960198757174,85100068864,674234368,84425834496,167772160,1840943104
522679,a121,NVIDIA A100 80GB PCIe,d1e927df-97ab-aff6-f55d-06ae94c9b8f5,12.9.0,12.5.0,1.10.4,c242d0871ff6a2b91f3e74c8ffcb890252766205,9f9c0891bc1021e55844d1e23a2493846521ea924ca08701f4531b3cf2020c9e,G1,140,128,15,268800,264795,4,6,0.050840431000000005,0.0420989990234375,0.8280614108766603,7,1.2140186961445533e-10,0.022572858785068026,0.0019636960198757174,85100068864,674234368,84425834496,167772160,1840943104
522679,a121,NVIDIA A100 80GB PCIe,d1e927df-97ab-aff6-f55d-06ae94c9b8f5,12.9.0,12.5.0,1.10.4,c242d0871ff6a2b91f3e74c8ffcb890252766205,9f9c0891bc1021e55844d1e23a2493846521ea924ca08701f4531b3cf2020c9e,G1,140,128,15,268800,264795,4,7,0.050747964000000007,0.042004108428955078,0.82770036703255867,7,1.0495582156833623e-10,0.022572859095254673,0.0019636960198757174,85100068864,674234368,84425834496,167772160,1840943104
522679,a121,NVIDIA A100 80GB PCIe,d1e927df-97ab-aff6-f55d-06ae94c9b8f5,12.9.0,12.5.0,1.10.4,c242d0871ff6a2b91f3e74c8ffcb890252766205,9f9c0891bc1021e55844d1e23a2493846521ea924ca08701f4531b3cf2020c9e,G1,140,128,15,268800,264795,4,8,0.050824673000000001,0.042083024978637695,0.82800385117357655,7,7.8352857270238104e-11,0.02257285924336427,0.0019636960198757174,85100068864,674234368,84425834496,167772160,1840943104
522679,a121,NVIDIA A100 80GB PCIe,d1e927df-97ab-aff6-f55d-06ae94c9b8f5,12.9.0,12.5.0,1.10.4,c242d0871ff6a2b91f3e74c8ffcb890252766205,9f9c0891bc1021e55844d1e23a2493846521ea924ca08701f4531b3cf2020c9e,G1,140,128,15,268800,264795,4,9,0.050824988000000001,0.042064905166625977,0.82764220557466683,7,8.951651123263002e-11,0.02257285925576898,0.0019636960198757174,85100068864,674234368,84425834496,167772160,1840943104
522679,a121,NVIDIA A100 80GB PCIe,d1e927df-97ab-aff6-f55d-06ae94c9b8f5,12.9.0,12.5.0,1.10.4,c242d0871ff6a2b91f3e74c8ffcb890252766205,9f9c0891bc1021e55844d1e23a2493846521ea924ca08701f4531b3cf2020c9e,G1,140,128,15,268800,264795,4,10,0.050767963000000006,0.042039155960083008,0.82806465881018321,7,4.4167401916338029e-11,0.022572859192172348,0.0019636960198757174,85100068864,674234368,84425834496,167772160,1840943104
522679,a121,NVIDIA A100 80GB PCIe,d1e927df-97ab-aff6-f55d-06ae94c9b8f5,12.9.0,12.5.0,1.10.4,c242d0871ff6a2b91f3e74c8ffcb890252766205,9f9c0891bc1021e55844d1e23a2493846521ea924ca08701f4531b3cf2020c9e,G1,140,128,15,268800,264795,4,11,0.051290391000000005,0.042407035827636719,0.8268027402566831,7,1.2247954722953559e-10,0.022572859123747079,0.0019636960198757174,85100068864,674234368,84425834496,167772160,1840975872
522679,a121,NVIDIA A100 80GB PCIe,d1e927df-97ab-aff6-f55d-06ae94c9b8f5,12.9.0,12.5.0,1.10.4,c242d0871ff6a2b91f3e74c8ffcb890252766205,9f9c0891bc1021e55844d1e23a2493846521ea924ca08701f4531b3cf2020c9e,G1,140,128,15,268800,264795,4,12,0.051112526000000005,0.042336940765380859,0.82830852001681265,7,9.4951799041033836e-11,0.022572859114512789,0.0019636960198757174,85100068864,674234368,84425834496,167772160,1840975872
522679,a121,NVIDIA A100 80GB PCIe,d1e927df-97ab-aff6-f55d-06ae94c9b8f5,12.9.0,12.5.0,1.10.4,c242d0871ff6a2b91f3e74c8ffcb890252766205,9f9c0891bc1021e55844d1e23a2493846521ea924ca08701f4531b3cf2020c9e,G1,140,128,15,268800,264795,4,13,0.051012552000000003,0.042268991470336914,0.8285998212819643,7,6.6281254728807592e-11,0.022572859208920874,0.0019636960198757174,85100068864,674234368,84425834496,167772160,1840975872
522679,a121,NVIDIA A100 80GB PCIe,d1e927df-97ab-aff6-f55d-06ae94c9b8f5,12.9.0,12.5.0,1.10.4,c242d0871ff6a2b91f3e74c8ffcb890252766205,9f9c0891bc1021e55844d1e23a2493846521ea924ca08701f4531b3cf2020c9e,G1,140,128,15,268800,264795,4,14,0.050815036000000001,0.042073965072631836,0.82798258910279698,7,7.7461943263618894e-11,0.022572859426387169,0.0019636960198757174,85100068864,674234368,84425834496,167772160,1840975872
522679,a121,NVIDIA A100 80GB PCIe,d1e927df-97ab-aff6-f55d-06ae94c9b8f5,12.9.0,12.5.0,1.10.4,c242d0871ff6a2b91f3e74c8ffcb890252766205,9f9c0891bc1021e55844d1e23a2493846521ea924ca08701f4531b3cf2020c9e,G1,140,128,15,268800,264795,4,15,0.044858728,0.036106109619140625,0.80488482908255055,6,8.3737053248545126e-10,0.022572860021818617,0.0019636960198757174,85100068864,674234368,84425834496,167772160,1840975872
522679,a121,NVIDIA A100 80GB PCIe,d1e927df-97ab-aff6-f55d-06ae94c9b8f5,12.9.0,12.5.0,1.10.4,c242d0871ff6a2b91f3e74c8ffcb890252766205,9f9c0891bc1021e55844d1e23a2493846521ea924ca08701f4531b3cf2020c9e,G1,140,128,15,268800,264795,4,16,0.044800610000000005,0.03606104850769043,0.80492315858401098,6,8.7113902609860334e-10,0.022572860748318092,0.0019636960198757174,85100068864,674234368,84425834496,167772160,1840975872
522679,a121,NVIDIA A100 80GB PCIe,d1e927df-97ab-aff6-f55d-06ae94c9b8f5,12.9.0,12.5.0,1.10.4,c242d0871ff6a2b91f3e74c8ffcb890252766205,9f9c0891bc1021e55844d1e23a2493846521ea924ca08701f4531b3cf2020c9e,G1,140,128,15,268800,264795,4,17,0.044892539000000002,0.036158084869384766,0.80543639711233006,6,9.0183929115011296e-10,0.022572861523953665,0.0019636960198757174,85100068864,674234368,84425834496,167772160,1840975872
522679,a121,NVIDIA A100 80GB PCIe,d1e927df-97ab-aff6-f55d-06ae94c9b8f5,12.9.0,12.5.0,1.10.4,c242d0871ff6a2b91f3e74c8ffcb890252766205,9f9c0891bc1021e55844d1e23a2493846521ea924ca08701f4531b3cf2020c9e,G1,140,128,15,268800,264795,4,18,0.044845074000000006,0.036118030548095703,0.80539571744481231,6,5.8944236796248013e-10,0.022572862349746932,0.0019636960198757174,85100068864,674234368,84425834496,167772160,1840975872
522679,a121,NVIDIA A100 80GB PCIe,d1e927df-97ab-aff6-f55d-06ae94c9b8f5,12.9.0,12.5.0,1.10.4,c242d0871ff6a2b91f3e74c8ffcb890252766205,9f9c0891bc1021e55844d1e23a2493846521ea924ca08701f4531b3cf2020c9e,G1,140,128,15,268800,264795,4,19,0.062214975000000006,0.053447961807250977,0.85908516088370956,6,6.8250168234181646e-10,0.022572863224129432,0.0019636960198757174,85100068864,674234368,84425834496,167772160,1840975872
522679,a121,NVIDIA A100 80GB PCIe,d1e927df-97ab-aff6-f55d-06ae94c9b8f5,12.9.0,12.5.0,1.10.4,c242d0871ff6a2b91f3e74c8ffcb890252766205,9f9c0891bc1021e55844d1e23a2493846521ea924ca08701f4531b3cf2020c9e,G1,140,128,15,268800,264795,4,20,0.045081570000000001,0.03629302978515625,0.80505248120587303,6,4.7136677100573311e-10,0.02257287779739078,0.0019636960198757174,85100068864,674234368,84425834496,167772160,1840975872
522679,a121,NVIDIA A100 80GB PCIe,d1e927df-97ab-aff6-f55d-06ae94c9b8f5,12.9.0,12.5.0,1.10.4,c242d0871ff6a2b91f3e74c8ffcb890252766205,9f9c0891bc1021e55844d1e23a2493846521ea924ca08701f4531b3cf2020c9e,G1,140,128,15,268800,264795,4,21,0.044935305000000002,0.036173105239868164,0.80500411068464239,6,2.4874730830102728e-10,0.022572925800226684,0.0019636960198757174,85100068864,674234368,84425834496,167772160,1840975872
522679,a121,NVIDIA A100 80GB PCIe,d1e927df-97ab-aff6-f55d-06ae94c9b8f5,12.9.0,12.5.0,1.10.4,c242d0871ff6a2b91f3e74c8ffcb890252766205,9f9c0891bc1021e55844d1e23a2493846521ea924ca08701f4531b3cf2020c9e,G1,140,128,15,268800,264795,4,22,0.044850310000000004,0.03612208366394043,0.80539206226089466,6,2.2604103783632939e-10,0.022572973984777853,0.0019636960198757174,85100068864,674234368,84425834496,167772160,1840975872
522679,a121,NVIDIA A100 80GB PCIe,d1e927df-97ab-aff6-f55d-06ae94c9b8f5,12.9.0,12.5.0,1.10.4,c242d0871ff6a2b91f3e74c8ffcb890252766205,9f9c0891bc1021e55844d1e23a2493846521ea924ca08701f4531b3cf2020c9e,G1,140,128,15,268800,264795,4,23,0.044765109000000004,0.036014080047607422,0.80451228316248302,6,4.6065524020605269e-10,0.022573021984613851,0.0019636960198757174,85100068864,674234368,84425834496,167772160,1840975872
522679,a121,NVIDIA A100 80GB PCIe,d1e927df-97ab-aff6-f55d-06ae94c9b8f5,12.9.0,12.5.0,1.10.4,c242d0871ff6a2b91f3e74c8ffcb890252766205,9f9c0891bc1021e55844d1e23a2493846521ea924ca08701f4531b3cf2020c9e,G1,140,128,15,268800,264795,4,24,0.044772759000000002,0.036030054092407227,0.80473160236578734,6,2.1899956918826868e-10,0.02257306943846115,0.0019636960198757174,85100068864,674234368,84425834496,167772160,1840975872
522679,a121,NVIDIA A100 80GB PCIe,d1e927df-97ab-aff6-f55d-06ae94c9b8f5,12.9.0,12.5.0,1.10.4,c242d0871ff6a2b91f3e74c8ffcb890252766205,9f9c0891bc1021e55844d1e23a2493846521ea924ca08701f4531b3cf2020c9e,G1,140,128,15,268800,264795,4,25,0.044751051999999999,0.036013126373291016,0.80474368230027349,6,1.0908823783041942e-09,0.022573115992883665,0.0019636960198757174,85100068864,674234368,84425834496,167772160,1840975872
522679,a121,NVIDIA A100 80GB PCIe,d1e927df-97ab-aff6-f55d-06ae94c9b8f5,12.9.0,12.5.0,1.10.4,c242d0871ff6a2b91f3e74c8ffcb890252766205,9f9c0891bc1021e55844d1e23a2493846521ea924ca08701f4531b3cf2020c9e,G1,140,128,15,268800,264795,4,26,0.050826900000000001,0.042094945907592773,0.82820211162972313,7,2.5783369482425601e-10,0.022573161304877482,0.0019636960198757174,85100068864,674234368,84425834496,167772160,1840975872
522679,a121,NVIDIA A100 80GB PCIe,d1e927df-97ab-aff6-f55d-06ae94c9b8f5,12.9.0,12.5.0,1.10.4,c242d0871ff6a2b91f3e74c8ffcb890252766205,9f9c0891bc1021e55844d1e23a2493846521ea924ca08701f4531b3cf2020c9e,G1,140,128,15,268800,264795,4,27,0.050733838000000003,0.041992902755737305,0.82770995475913534,7,9.5076462819871046e-11,0.022573205044509596,0.0019636960198757174,85100068864,674234368,84425834496,167772160,1840975872
522679,a121,NVIDIA A100 80GB PCIe,d1e927df-97ab-aff6-f55d-06ae94c9b8f5,12.9.0,12.5.0,1.10.4,c242d0871ff6a2b91f3e74c8ffcb890252766205,9f9c0891bc1021e55844d1e23a2493846521ea924ca08701f4531b3cf2020c9e,G1,140,128,15,268800,264795,4,28,0.050731851000000001,0.041988849639892578,0.82766248051727065,7,1.5967137432775546e-10,0.02257324689718726,0.0019636960198757174,85100068864,674234368,84425834496,167772160,1840975872
522679,a121,NVIDIA A100 80GB PCIe,d1e927df-97ab-aff6-f55d-06ae94c9b8f5,12.9.0,12.5.0,1.10.4,c242d0871ff6a2b91f3e74c8ffcb890252766205,9f9c0891bc1021e55844d1e23a2493846521ea924ca08701f4531b3cf2020c9e,G1,140,128,15,268800,264795,4,29,0.050858050000000002,0.042128086090087891,0.82834646806332313,7,1.1365244000592618e-10,0.022573286565985843,0.0019636960198757174,85100068864,674234368,84425834496,167772160,1840988160
522679,a121,NVIDIA A100 80GB PCIe,d1e927df-97ab-aff6-f55d-06ae94c9b8f5,12.9.0,12.5.0,1.10.4,c242d0871ff6a2b91f3e74c8ffcb890252766205,9f9c0891bc1021e55844d1e23a2493846521ea924ca08701f4531b3cf2020c9e,G1,140,128,15,268800,264795,4,30,0.068571399000000005,0.04221796989440918,0.61567899313836627,7,8.0624758030232956e-11,0.022573323773726988,0.0019636960198757174,85100068864,674234368,84425834496,167772160,1840988160
522679,a121,NVIDIA A100 80GB PCIe,d1e927df-97ab-aff6-f55d-06ae94c9b8f5,12.9.0,12.5.0,1.10.4,c242d0871ff6a2b91f3e74c8ffcb890252766205,9f9c0891bc1021e55844d1e23a2493846521ea924ca08701f4531b3cf2020c9e,G2,280,256,30,2150400,2134350,5,1,0.24740324100000002,0.18786215782165527,0.75933588041255795,7,3.8105181318824768e-11,0.04530859339277446,0.0079158580750932628,85100068864,1445986304,83654082560,939524096,1859469312
522679,a121,NVIDIA A100 80GB PCIe,d1e927df-97ab-aff6-f55d-06ae94c9b8f5,12.9.0,12.5.0,1.10.4,c242d0871ff6a2b91f3e74c8ffcb890252766205,9f9c0891bc1021e55844d1e23a2493846521ea924ca08701f4531b3cf2020c9e,G2,280,256,30,2150400,2134350,5,2,0.23020056100000003,0.17067599296569824,0.74142301054469728,6,5.5454190222403195e-10,0.045308593392774439,0.0079158580750932628,85100068864,1445986304,83654082560,939524096,1858338816
522679,a121,NVIDIA A100 80GB PCIe,d1e927df-97ab-aff6-f55d-06ae94c9b8f5,12.9.0,12.5.0,1.10.4,c242d0871ff6a2b91f3e74c8ffcb890252766205,9f9c0891bc1021e55844d1e23a2493846521ea924ca08701f4531b3cf2020c9e,G2,280,256,30,2150400,2134350,5,3,0.24730273700000002,0.18778395652770996,0.75932825817334137,7,8.1089283975420071e-11,0.045308593392774481,0.0079158580750932628,85100068864,1445986304,83654082560,939524096,1858338816
522679,a121,NVIDIA A100 80GB PCIe,d1e927df-97ab-aff6-f55d-06ae94c9b8f5,12.9.0,12.5.0,1.10.4,c242d0871ff6a2b91f3e74c8ffcb890252766205,9f9c0891bc1021e55844d1e23a2493846521ea924ca08701f4531b3cf2020c9e,G2,280,256,30,2150400,2134350,5,4,0.27408106500000001,0.21456003189086914,0.7828342023221091,8,1.9019830707126631e-11,0.045308593392774418,0.0079158580750932628,85100068864,1445986304,83654082560,939524096,1858338816
522679,a121,NVIDIA A100 80GB PCIe,d1e927df-97ab-aff6-f55d-06ae94c9b8f5,12.9.0,12.5.0,1.10.4,c242d0871ff6a2b91f3e74c8ffcb890252766205,9f9c0891bc1021e55844d1e23a2493846521ea924ca08701f4531b3cf2020c9e,G2,280,256,30,2150400,2134350,5,5,0.28385242399999999,0.2243192195892334,0.79026705648014262,8,5.4993360725781509e-12,0.045308593392774425,0.0079158580750932628,85100068864,1445986304,83654082560,939524096,1852342272
522679,a121,NVIDIA A100 80GB PCIe,d1e927df-97ab-aff6-f55d-06ae94c9b8f5,12.9.0,12.5.0,1.10.4,c242d0871ff6a2b91f3e74c8ffcb890252766205,9f9c0891bc1021e55844d1e23a2493846521ea924ca08701f4531b3cf2020c9e,G2,280,256,30,2150400,2134350,5,6,0.27417981600000002,0.21465301513671875,0.78289138226250299,8,4.4322186300064233e-12,0.045308593392774398,0.0079158580750932628,85100068864,1445986304,83654082560,939524096,1852342272
522679,a121,NVIDIA A100 80GB PCIe,d1e927df-97ab-aff6-f55d-06ae94c9b8f5,12.9.0,12.5.0,1.10.4,c242d0871ff6a2b91f3e74c8ffcb890252766205,9f9c0891bc1021e55844d1e23a2493846521ea924ca08701f4531b3cf2020c9e,G2,280,256,30,2150400,2134350,5,7,0.274095427,0.21457195281982422,0.78283667541751512,8,4.0553781570103761e-12,0.045308593392774439,0.0079158580750932628,85100068864,1445986304,83654082560,939524096,1852342272
522679,a121,NVIDIA A100 80GB PCIe,d1e927df-97ab-aff6-f55d-06ae94c9b8f5,12.9.0,12.5.0,1.10.4,c242d0871ff6a2b91f3e74c8ffcb890252766205,9f9c0891bc1021e55844d1e23a2493846521ea924ca08701f4531b3cf2020c9e,G2,280,256,30,2150400,2134350,5,8,0.28357006500000004,0.22400712966918945,0.78995337420114997,8,5.1863125192219198e-12,0.045308593392774474,0.0079158580750932628,85100068864,1445986304,83654082560,939524096,1852342272
522679,a121,NVIDIA A100 80GB PCIe,d1e927df-97ab-aff6-f55d-06ae94c9b8f5,12.9.0,12.5.0,1.10.4,c242d0871ff6a2b91f3e74c8ffcb890252766205,9f9c0891bc1021e55844d1e23a2493846521ea924ca08701f4531b3cf2020c9e,G2,280,256,30,2150400,2134350,5,9,0.247400114,0.18785405158996582,0.75931271232140907,7,7.8731725595057812e-11,0.045308593392774509,0.0079158580750932628,85100068864,1445986304,83654082560,939524096,1852342272
522679,a121,NVIDIA A100 80GB PCIe,d1e927df-97ab-aff6-f55d-06ae94c9b8f5,12.9.0,12.5.0,1.10.4,c242d0871ff6a2b91f3e74c8ffcb890252766205,9f9c0891bc1021e55844d1e23a2493846521ea924ca08701f4531b3cf2020c9e,G2,280,256,30,2150400,2134350,5,10,0.27412074800000003,0.21459293365478516,0.78284090212239288,8,4.8244778528449884e-11,0.045308593392774529,0.0079158580750932628,85100068864,1445986304,83654082560,939524096,1852342272
522679,a121,NVIDIA A100 80GB PCIe,d1e927df-97ab-aff6-f55d-06ae94c9b8f5,12.9.0,12.5.0,1.10.4,c242d0871ff6a2b91f3e74c8ffcb890252766205,9f9c0891bc1021e55844d1e23a2493846521ea924ca08701f4531b3cf2020c9e,G2,280,256,30,2150400,2134350,5,11,0.25620128600000003,0.19667983055114746,0.76767698406926588,7,9.848930512897985e-11,0.045308593392774529,0.0079158580750932628,85100068864,1445986304,83654082560,939524096,1852325888
522679,a121,NVIDIA A100 80GB PCIe,d1e927df-97ab-aff6-f55d-06ae94c9b8f5,12.9.0,12.5.0,1.10.4,c242d0871ff6a2b91f3e74c8ffcb890252766205,9f9c0891bc1021e55844d1e23a2493846521ea924ca08701f4531b3cf2020c9e,G2,280,256,30,2150400,2134350,5,12,0.24740220900000001,0.18782997131347656,0.75920894996324206,7,5.932445415957381e-11,0.045308593392774522,0.0079158580750932628,85100068864,1445986304,83654082560,939524096,1852325888
522679,a121,NVIDIA A100 80GB PCIe,d1e927df-97ab-aff6-f55d-06ae94c9b8f5,12.9.0,12.5.0,1.10.4,c242d0871ff6a2b91f3e74c8ffcb890252766205,9f9c0891bc1021e55844d1e23a2493846521ea924ca08701f4531b3cf2020c9e,G2,280,256,30,2150400,2134350,5,13,0.24733965400000002,0.18780708312988281,0.75930842504486884,7,3.9706851476982219e-11,0.045308593392774522,0.0079158580750932628,85100068864,1445986304,83654082560,939524096,1852325888
522679,a121,NVIDIA A100 80GB PCIe,d1e927df-97ab-aff6-f55d-06ae94c9b8f5,12.9.0,12.5.0,1.10.4,c242d0871ff6a2b91f3e74c8ffcb890252766205,9f9c0891bc1021e55844d1e23a2493846521ea924ca08701f4531b3cf2020c9e,G2,280,256,30,2150400,2134350,5,14,0.247349126,0.18783903121948242,0.75940850997582432,7,3.0976836938745876e-11,0.045308593392774592,0.0079158580750932628,85100068864,1445986304,83654082560,939524096,1852325888
522679,a121,NVIDIA A100 80GB PCIe,d1e927df-97ab-aff6-f55d-06ae94c9b8f5,12.9.0,12.5.0,1.10.4,c242d0871ff6a2b91f3e74c8ffcb890252766205,9f9c0891bc1021e55844d1e23a2493846521ea924ca08701f4531b3cf2020c9e,G2,280,256,30,2150400,2134350,5,15,0.256173649,0.19666099548339844,0.76768627940884915,7,2.9813525494864437e-11,0.045308593392774633,0.0079158580750932628,85100068864,1445986304,83654082560,939524096,1852096512
522679,a121,NVIDIA A100 80GB PCIe,d1e927df-97ab-aff6-f55d-06ae94c9b8f5,12.9.0,12.5.0,1.10.4,c242d0871ff6a2b91f3e74c8ffcb890252766205,9f9c0891bc1021e55844d1e23a2493846521ea924ca08701f4531b3cf2020c9e,G2,280,256,30,2150400,2134350,5,16,0.24733902400000002,0.1877892017364502,0.75923806401229343,7,3.019681112233568e-11,0.045308593392774647,0.0079158580750932628,85100068864,1445986304,83654082560,939524096,1852096512
522679,a121,NVIDIA A100 80GB PCIe,d1e927df-97ab-aff6-f55d-06ae94c9b8f5,12.9.0,12.5.0,1.10.4,c242d0871ff6a2b91f3e74c8ffcb890252766205,9f9c0891bc1021e55844d1e23a2493846521ea924ca08701f4531b3cf2020c9e,G2,280,256,30,2150400,2134350,5,17,0.24734897800000002,0.18782591819763184,0.75935595010880463,7,3.0999043409867457e-11,0.04530859339277462,0.0079158580750932628,85100068864,1445986304,83654082560,939524096,1852096512
522679,a121,NVIDIA A100 80GB PCIe,d1e927df-97ab-aff6-f55d-06ae94c9b8f5,12.9.0,12.5.0,1.10.4,c242d0871ff6a2b91f3e74c8ffcb890252766205,9f9c0891bc1021e55844d1e23a2493846521ea924ca08701f4531b3cf2020c9e,G2,280,256,30,2150400,2134350,5,18,0.25633270200000002,0.19679784774780273,0.76774381970117378,7,3.1570195062013269e-11,0.045308593392774578,0.0079158580750932628,85100068864,1445986304,83654082560,939524096,1852096512
522679,a121,NVIDIA A100 80GB PCIe,d1e927df-97ab-aff6-f55d-06ae94c9b8f5,12.9.0,12.5.0,1.10.4,c242d0871ff6a2b91f3e74c8ffcb890252766205,9f9c0891bc1021e55844d1e23a2493846521ea924ca08701f4531b3cf2020c9e,G2,280,256,30,2150400,2134350,5,19,0.24733564900000002,0.18779587745666504,0.75927541466804493,7,3.3054894175687352e-11,0.045308593392774564,0.0079158580750932628,85100068864,1445986304,83654082560,939524096,1852096512
522679,a121,NVIDIA A100 80GB PCIe,d1e927df-97ab-aff6-f55d-06ae94c9b8f5,12.9.0,12.5.0,1.10.4,c242d0871ff6a2b91f3e74c8ffcb890252766205,9f9c0891bc1021e55844d1e23a2493846521ea924ca08701f4531b3cf2020c9e,G2,280,256,30,2150400,2134350,5,20,0.24758197600000001,0.18800711631774902,0.75937319571982498,7,3.3866075182881818e-11,0.045308593392774557,0.0079158580750932628,85100068864,1445986304,83654082560,939524096,1852096512
522679,a121,NVIDIA A100 80GB PCIe,d1e927df-97ab-aff6-f55d-06ae94c9b8f5,12.9.0,12.5.0,1.10.4,c242d0871ff6a2b91f3e74c8ffcb890252766205,9f9c0891bc1021e55844d1e23a2493846521ea924ca08701f4531b3cf2020c9e,G2,280,256,30,2150400,2134350,5,21,0.24752738200000002,0.18785691261291504,0.75893386458923173,7,3.3238856350859609e-11,0.045308593392774515,0.0079158580750932628,85100068864,1445986304,83654082560,939524096,1852096512
522679,a121,NVIDIA A100 80GB PCIe,d1e927df-97ab-aff6-f55d-06ae94c9b8f5,12.9.0,12.5.0,1.10.4,c242d0871ff6a2b91f3e74c8ffcb890252766205,9f9c0891bc1021e55844d1e23a2493846521ea924ca08701f4531b3cf2020c9e,G2,280,256,30,2150400,2134350,5,22,0.26247988900000002,0.20295190811157227,0.77320936428608533,7,3.1137899483592848e-11,0.045308593392774536,0.0079158580750932628,85100068864,1445986304,83654082560,939524096,1852096512
522679,a121,NVIDIA A100 80GB PCIe,d1e927df-97ab-aff6-f55d-06ae94c9b8f5,12.9.0,12.5.0,1.10.4,c242d0871ff6a2b91f3e74c8ffcb890252766205,9f9c0891bc1021e55844d1e23a2493846521ea924ca08701f4531b3cf2020c9e,G2,280,256,30,2150400,2134350,5,23,0.24736149600000001,0.18781208992004395,0.7592616189548107,7,2.7790588137274538e-11,0.045308593392774571,0.0079158580750932628,85100068864,1445986304,83654082560,939524096,1852096512
522679,a121,NVIDIA A100 80GB PCIe,d1e927df-97ab-aff6-f55d-06ae94c9b8f5,12.9.0,12.5.0,1.10.4,c242d0871ff6a2b91f3e74c8ffcb890252766205,9f9c0891bc1021e55844d1e23a2493846521ea924ca08701f4531b3cf2020c9e,G2,280,256,30,2150400,2134350,5,24,0.24731805000000001,0.18779206275939941,0.75931401998115144,7,2.3606329572329824e-11,0.045308593392774613,0.0079158580750932628,85100068864,1445986304,83654082560,939524096,1852096512
522679,a121,NVIDIA A100 80GB PCIe,d1e927df-97ab-aff6-f55d-06ae94c9b8f5,12.9.0,12.5.0,1.10.4,c242d0871ff6a2b91f3e74c8ffcb890252766205,9f9c0891bc1021e55844d1e23a2493846521ea924ca08701f4531b3cf2020c9e,G2,280,256,30,2150400,2134350,5,25,0.25625390800000003,0.19670605659484863,0.76762168479728554,7,1.9060300276382002e-11,0.04530859339277462,0.0079158580750932628,85100068864,1445986304,83654082560,939524096,1852096512
522679,a121,NVIDIA A100 80GB PCIe,d1e927df-97ab-aff6-f55d-06ae94c9b8f5,12.9.0,12.5.0,1.10.4,c242d0871ff6a2b91f3e74c8ffcb890252766205,9f9c0891bc1021e55844d1e23a2493846521ea924ca08701f4531b3cf2020c9e,G2,280,256,30,2150400,2134350,5,26,0.247327716,0.1878049373626709,0.75933639949463205,7,1.7470615336674082e-11,0.045308593392774599,0.0079158580750932628,85100068864,1445986304,83654082560,939524096,1852096512
522679,a121,NVIDIA A100 80GB PCIe,d1e927df-97ab-aff6-f55d-06ae94c9b8f5,12.9.0,12.5.0,1.10.4,c242d0871ff6a2b91f3e74c8ffcb890252766205,9f9c0891bc1021e55844d1e23a2493846521ea924ca08701f4531b3cf2020c9e,G2,280,256,30,2150400,2134350,5,27,0.24737098900000001,0.1878209114074707,0.75926814282765664,7,2.1751652404378719e-11,0.045308593392774578,0.0079158580750932628,85100068864,1445986304,83654082560,939524096,1852096512
522679,a121,NVIDIA A100 80GB PCIe,d1e927df-97ab-aff6-f55d-06ae94c9b8f5,12.9.0,12.5.0,1.10.4,c242d0871ff6a2b91f3e74c8ffcb890252766205,9f9c0891bc1021e55844d1e23a2493846521ea924ca08701f4531b3cf2020c9e,G2,280,256,30,2150400,2134350,5,28,0.24734998600000002,0.18782997131347656,0.7593692417410387,7,2.6539617572852929e-11,0.04530859339277455,0.0079158580750932628,85100068864,1445986304,83654082560,939524096,1852096512
522679,a121,NVIDIA A100 80GB PCIe,d1e927df-97ab-aff6-f55d-06ae94c9b8f5,12.9.0,12.5.0,1.10.4,c242d0871ff6a2b91f3e74c8ffcb890252766205,9f9c0891bc1021e55844d1e23a2493846521ea924ca08701f4531b3cf2020c9e,G2,280,256,30,2150400,2134350,5,29,0.25603654800000003,0.19649600982666016,0.76745297248211664,7,2.4615365733141455e-11,0.045308593392774529,0.0079158580750932628,85100068864,1445986304,83654082560,939524096,1852096512
522679,a121,NVIDIA A100 80GB PCIe,d1e927df-97ab-aff6-f55d-06ae94c9b8f5,12.9.0,12.5.0,1.10.4,c242d0871ff6a2b91f3e74c8ffcb890252766205,9f9c0891bc1021e55844d1e23a2493846521ea924ca08701f4531b3cf2020c9e,G2,280,256,30,2150400,2134350,5,30,0.22058620600000001,0.16102719306945801,0.7299966574947937,6,1.8505269546102711e-10,0.045308593534938282,0.0079158580750932628,85100068864,1445986304,83654082560,939524096,1852096512
522679,a121,NVIDIA A100 80GB PCIe,d1e927df-97ab-aff6-f55d-06ae94c9b8f5,12.9.0,12.5.0,1.10.4,c242d0871ff6a2b91f3e74c8ffcb890252766205,9f9c0891bc1021e55844d1e23a2493846521ea924ca08701f4531b3cf2020c9e,G3,560,512,60,17203200,17138940,6,1,1.9543805170000002,1.455618143081665,0.74479771488720026,8,4.5560763948621218e-11,0.090780069171772948,0.031785939976401278,85100068864,8291090432,76808978432,7784628224,1853353984
522679,a121,NVIDIA A100 80GB PCIe,d1e927df-97ab-aff6-f55d-06ae94c9b8f5,12.9.0,12.5.0,1.10.4,c242d0871ff6a2b91f3e74c8ffcb890252766205,9f9c0891bc1021e55844d1e23a2493846521ea924ca08701f4531b3cf2020c9e,G3,560,512,60,17203200,17138940,6,2,1.9551287030000002,1.4556429386138916,0.74452537900973748,8,5.6915629571065984e-11,0.090780069171772809,0.031785939976401278,85100068864,8291090432,76808978432,7784628224,1853353984
522679,a121,NVIDIA A100 80GB PCIe,d1e927df-97ab-aff6-f55d-06ae94c9b8f5,12.9.0,12.5.0,1.10.4,c242d0871ff6a2b91f3e74c8ffcb890252766205,9f9c0891bc1021e55844d1e23a2493846521ea924ca08701f4531b3cf2020c9e,G3,560,512,60,17203200,17138940,6,3,2.1362491100000001,1.6375560760498047,0.76655670370287698,9,2.4849815262947621e-12,0.090780069171772837,0.031785939976401278,85100068864,8291090432,76808978432,7784628224,1853353984
522679,a121,NVIDIA A100 80GB PCIe,d1e927df-97ab-aff6-f55d-06ae94c9b8f5,12.9.0,12.5.0,1.10.4,c242d0871ff6a2b91f3e74c8ffcb890252766205,9f9c0891bc1021e55844d1e23a2493846521ea924ca08701f4531b3cf2020c9e,G3,560,512,60,17203200,17138940,6,4,2.1362203430000002,1.6374719142913818,0.76652762888298254,9,1.5322616168553855e-12,0.090780069171772837,0.031785939976401278,85100068864,8291090432,76808978432,7784628224,1853353984
522679,a121,NVIDIA A100 80GB PCIe,d1e927df-97ab-aff6-f55d-06ae94c9b8f5,12.9.0,12.5.0,1.10.4,c242d0871ff6a2b91f3e74c8ffcb890252766205,9f9c0891bc1021e55844d1e23a2493846521ea924ca08701f4531b3cf2020c9e,G3,560,512,60,17203200,17138940,6,5,1.9544189180000002,1.4556829929351807,0.74481626202473161,8,7.8098024032558776e-11,0.090780069171772837,0.031785939976401278,85100068864,8291090432,76808978432,7784628224,1856655360
522679,a121,NVIDIA A100 80GB PCIe,d1e927df-97ab-aff6-f55d-06ae94c9b8f5,12.9.0,12.5.0,1.10.4,c242d0871ff6a2b91f3e74c8ffcb890252766205,9f9c0891bc1021e55844d1e23a2493846521ea924ca08701f4531b3cf2020c9e,G3,560,512,60,17203200,17138940,6,6,1.9543276920000001,1.4554870128631592,0.74475074923267226,8,2.7180567491048889e-11,0.090780069171772934,0.031785939976401278,85100068864,8291090432,76808978432,7784628224,1856655360
522679,a121,NVIDIA A100 80GB PCIe,d1e927df-97ab-aff6-f55d-06ae94c9b8f5,12.9.0,12.5.0,1.10.4,c242d0871ff6a2b91f3e74c8ffcb890252766205,9f9c0891bc1021e55844d1e23a2493846521ea924ca08701f4531b3cf2020c9e,G3,560,512,60,17203200,17138940,6,7,1.9545208190000001,1.4557499885559082,0.74481170750625203,8,2.6530818970926836e-11,0.090780069171773156,0.031785939976401278,85100068864,8291090432,76808978432,7784628224,1856655360
522679,a121,NVIDIA A100 80GB PCIe,d1e927df-97ab-aff6-f55d-06ae94c9b8f5,12.9.0,12.5.0,1.10.4,c242d0871ff6a2b91f3e74c8ffcb890252766205,9f9c0891bc1021e55844d1e23a2493846521ea924ca08701f4531b3cf2020c9e,G3,560,512,60,17203200,17138940,6,8,1.9544685270000002,1.4556980133056641,0.74480504198247643,8,2.0365734418864842e-11,0.090780069171773323,0.031785939976401278,85100068864,8291090432,76808978432,7784628224,1856655360
522679,a121,NVIDIA A100 80GB PCIe,d1e927df-97ab-aff6-f55d-06ae94c9b8f5,12.9.0,12.5.0,1.10.4,c242d0871ff6a2b91f3e74c8ffcb890252766205,9f9c0891bc1021e55844d1e23a2493846521ea924ca08701f4531b3cf2020c9e,G3,560,512,60,17203200,17138940,6,9,1.9544653250000001,1.4556279182434082,0.74477039813607748,8,1.4746421146015592e-11,0.090780069171773461,0.031785939976401278,85100068864,8291090432,76808978432,7784628224,1856655360
522679,a121,NVIDIA A100 80GB PCIe,d1e927df-97ab-aff6-f55d-06ae94c9b8f5,12.9.0,12.5.0,1.10.4,c242d0871ff6a2b91f3e74c8ffcb890252766205,9f9c0891bc1021e55844d1e23a2493846521ea924ca08701f4531b3cf2020c9e,G3,560,512,60,17203200,17138940,6,10,1.9544140670000001,1.4556629657745361,0.74480786357056861,8,1.160874298063204e-11,0.090780069171773531,0.031785939976401278,85100068864,8291090432,76808978432,7784628224,1856655360
522679,a121,NVIDIA A100 80GB PCIe,d1e927df-97ab-aff6-f55d-06ae94c9b8f5,12.9.0,12.5.0,1.10.4,c242d0871ff6a2b91f3e74c8ffcb890252766205,9f9c0891bc1021e55844d1e23a2493846521ea924ca08701f4531b3cf2020c9e,G3,560,512,60,17203200,17138940,6,11,1.9543677850000001,1.4555809497833252,0.74478353611591341,8,1.4326737954361305e-11,0.090780069171773531,0.031785939976401278,85100068864,8291090432,76808978432,7784628224,1856655360
522679,a121,NVIDIA A100 80GB PCIe,d1e927df-97ab-aff6-f55d-06ae94c9b8f5,12.9.0,12.5.0,1.10.4,c242d0871ff6a2b91f3e74c8ffcb890252766205,9f9c0891bc1021e55844d1e23a2493846521ea924ca08701f4531b3cf2020c9e,G3,560,512,60,17203200,17138940,6,12,1.9543424370000002,1.4555702209472656,0.74478770628428281,8,1.0175860124454976e-11,0.09078006917177342,0.031785939976401278,85100068864,8291090432,76808978432,7784628224,1856655360
522679,a121,NVIDIA A100 80GB PCIe,d1e927df-97ab-aff6-f55d-06ae94c9b8f5,12.9.0,12.5.0,1.10.4,c242d0871ff6a2b91f3e74c8ffcb890252766205,9f9c0891bc1021e55844d1e23a2493846521ea924ca08701f4531b3cf2020c9e,G3,560,512,60,17203200,17138940,6,13,1.9545640550000001,1.4557938575744629,0.74481767627434592,8,8.8308652403513101e-12,0.090780069171773489,0.031785939976401278,85100068864,8291090432,76808978432,7784628224,1856655360
522679,a121,NVIDIA A100 80GB PCIe,d1e927df-97ab-aff6-f55d-06ae94c9b8f5,12.9.0,12.5.0,1.10.4,c242d0871ff6a2b91f3e74c8ffcb890252766205,9f9c0891bc1021e55844d1e23a2493846521ea924ca08701f4531b3cf2020c9e,G3,560,512,60,17203200,17138940,6,14,1.9545967380000002,1.4559199810028076,0.7448697486789766,8,1.0507441740173927e-11,0.090780069171773628,0.031785939976401278,85100068864,8291090432,76808978432,7784628224,1856655360
522679,a121,NVIDIA A100 80GB PCIe,d1e927df-97ab-aff6-f55d-06ae94c9b8f5,12.9.0,12.5.0,1.10.4,c242d0871ff6a2b91f3e74c8ffcb890252766205,9f9c0891bc1021e55844d1e23a2493846521ea924ca08701f4531b3cf2020c9e,G3,560,512,60,17203200,17138940,6,15,1.9548929270000002,1.4556560516357422,0.74462188262638385,8,1.4208943082974112e-11,0.09078006917177367,0.031785939976401278,85100068864,8291090432,76808978432,7784628224,1856839680
522679,a121,NVIDIA A100 80GB PCIe,d1e927df-97ab-aff6-f55d-06ae94c9b8f5,12.9.0,12.5.0,1.10.4,c242d0871ff6a2b91f3e74c8ffcb890252766205,9f9c0891bc1021e55844d1e23a2493846521ea924ca08701f4531b3cf2020c9e,G3,560,512,60,17203200,17138940,6,16,1.9545272130000002,1.4557619094848633,0.7448153700814516,8,1.8542898816149617e-11,0.090780069171773628,0.031785939976401278,85100068864,8291090432,76808978432,7784628224,1856839680
522679,a121,NVIDIA A100 80GB PCIe,d1e927df-97ab-aff6-f55d-06ae94c9b8f5,12.9.0,12.5.0,1.10.4,c242d0871ff6a2b91f3e74c8ffcb890252766205,9f9c0891bc1021e55844d1e23a2493846521ea924ca08701f4531b3cf2020c9e,G3,560,512,60,17203200,17138940,6,17,1.9547104380000002,1.4560208320617676,0.74487801556506927,8,2.2510660414504775e-11,0.090780069171773545,0.031785939976401278,85100068864,8291090432,76808978432,7784628224,1856839680
522679,a121,NVIDIA A100 80GB PCIe,d1e927df-97ab-aff6-f55d-06ae94c9b8f5,12.9.0,12.5.0,1.10.4,c242d0871ff6a2b91f3e74c8ffcb890252766205,9f9c0891bc1021e55844d1e23a2493846521ea924ca08701f4531b3cf2020c9e,G3,560,512,60,17203200,17138940,6,18,1.9544788890000002,1.4557499885559082,0.7448276861668921,8,2.407977639731806e-11,0.090780069171773406,0.031785939976401278,85100068864,8291090432,76808978432,7784628224,1856839680
522679,a121,NVIDIA A100 80GB PCIe,d1e927df-97ab-aff6-f55d-06ae94c9b8f5,12.9.0,12.5.0,1.10.4,c242d0871ff6a2b91f3e74c8ffcb890252766205,9f9c0891bc1021e55844d1e23a2493846521ea924ca08701f4531b3cf2020c9e,G3,560,512,60,17203200,17138940,6,19,1.9546683600000001,1.4559171199798584,0.74484099183958674,8,2.3677702823469568e-11,0.090780069171773309,0.031785939976401278,85100068864,8291090432,76808978432,7784628224,1856839680
522679,a121,NVIDIA A100 80GB PCIe,d1e927df-97ab-aff6-f55d-06ae94c9b8f5,12.9.0,12.5.0,1.10.4,c242d0871ff6a2b91f3e74c8ffcb890252766205,9f9c0891bc1021e55844d1e23a2493846521ea924ca08701f4531b3cf2020c9e,G3,560,512,60,17203200,17138940,6,20,1.9571891730000002,1.4584929943084717,0.7451977634195055,8,2.3837818192931046e-11,0.09078006917177335,0.031785939976401278,85100068864,8291090432,76808978432,7784628224,1856839680
522679,a121,NVIDIA A100 80GB PCIe,d1e927df-97ab-aff6-f55d-06ae94c9b8f5,12.9.0,12.5.0,1.10.4,c242d0871ff6a2b91f3e74c8ffcb890252766205,9f9c0891bc1021e55844d1e23a2493846521ea924ca08701f4531b3cf2020c9e,G3,560,512,60,17203200,17138940,6,21,1.9546831420000002,1.4559071063995361,0.74483023622430977,8,2.512902669130013e-11,0.09078006917177335,0.031785939976401278,85100068864,8291090432,76808978432,7784628224,1856839680
522679,a121,NVIDIA A100 80GB PCIe,d1e927df-97ab-aff6-f55d-06ae94c9b8f5,12.9.0,12.5.0,1.10.4,c242d0871ff6a2b91f3e74c8ffcb890252766205,9f9c0891bc1021e55844d1e23a2493846521ea924ca08701f4531b3cf2020c9e,G3,560,512,60,17203200,17138940,6,22,1.95877316,1.4599878787994385,0.74535832357404697,8,2.6105421300355708e-11,0.090780069171773281,0.031785939976401278,85100068864,8291090432,76808978432,7784628224,1856839680
522679,a121,NVIDIA A100 80GB PCIe,d1e927df-97ab-aff6-f55d-06ae94c9b8f5,12.9.0,12.5.0,1.10.4,c242d0871ff6a2b91f3e74c8ffcb890252766205,9f9c0891bc1021e55844d1e23a2493846521ea924ca08701f4531b3cf2020c9e,G3,560,512,60,17203200,17138940,6,23,1.9542109630000002,1.4554879665374756,0.74479572272130146,8,2.5692499238333067e-11,0.090780069171773281,0.031785939976401278,85100068864,8291090432,76808978432,7784628224,1856839680
522679,a121,NVIDIA A100 80GB PCIe,d1e927df-97ab-aff6-f55d-06ae94c9b8f5,12.9.0,12.5.0,1.10.4,c242d0871ff6a2b91f3e74c8ffcb890252766205,9f9c0891bc1021e55844d1e23a2493846521ea924ca08701f4531b3cf2020c9e,G3,560,512,60,17203200,17138940,6,24,1.9544152710000002,1.4556930065155029,0.74482277544356268,8,2.4087146672949648e-11,0.090780069171773156,0.031785939976401278,85100068864,8291090432,76808978432,7784628224,1856839680
522679,a121,NVIDIA A100 80GB PCIe,d1e927df-97ab-aff6-f55d-06ae94c9b8f5,12.9.0,12.5.0,1.10.4,c242d0871ff6a2b91f3e74c8ffcb890252766205,9f9c0891bc1021e55844d1e23a2493846521ea924ca08701f4531b3cf2020c9e,G3,560,512,60,17203200,17138940,6,25,1.9542932200000001,1.4555490016937256,0.74479560528472055,8,2.2018750297105489e-11,0.090780069171773115,0.031785939976401278,85100068864,8291090432,76808978432,7784628224,1856839680
522679,a121,NVIDIA A100 80GB PCIe,d1e927df-97ab-aff6-f55d-06ae94c9b8f5,12.9.0,12.5.0,1.10.4,c242d0871ff6a2b91f3e74c8ffcb890252766205,9f9c0891bc1021e55844d1e23a2493846521ea924ca08701f4531b3cf2020c9e,G3,560,512,60,17203200,17138940,6,26,1.7727209080000002,1.2739510536193848,0.71864163606930542,7,1.6429201780626967e-10,0.090780069171773156,0.031785939976401278,85100068864,8291090432,76808978432,7784628224,1856851968
522679,a121,NVIDIA A100 80GB PCIe,d1e927df-97ab-aff6-f55d-06ae94c9b8f5,12.9.0,12.5.0,1.10.4,c242d0871ff6a2b91f3e74c8ffcb890252766205,9f9c0891bc1021e55844d1e23a2493846521ea924ca08701f4531b3cf2020c9e,G3,560,512,60,17203200,17138940,6,27,1.772593646,1.2739520072937012,0.71869376840455013,7,1.454722445270702e-10,0.090780069171773309,0.031785939976401278,85100068864,8291090432,76808978432,7784628224,1856851968
522679,a121,NVIDIA A100 80GB PCIe,d1e927df-97ab-aff6-f55d-06ae94c9b8f5,12.9.0,12.5.0,1.10.4,c242d0871ff6a2b91f3e74c8ffcb890252766205,9f9c0891bc1021e55844d1e23a2493846521ea924ca08701f4531b3cf2020c9e,G3,560,512,60,17203200,17138940,6,28,1.7726220270000002,1.2739109992980957,0.71865912749266292,7,1.2158167696219153e-10,0.090780069171773475,0.031785939976401278,85100068864,8291090432,76808978432,7784628224,1856851968
522679,a121,NVIDIA A100 80GB PCIe,d1e927df-97ab-aff6-f55d-06ae94c9b8f5,12.9.0,12.5.0,1.10.4,c242d0871ff6a2b91f3e74c8ffcb890252766205,9f9c0891bc1021e55844d1e23a2493846521ea924ca08701f4531b3cf2020c9e,G3,560,512,60,17203200,17138940,6,29,1.7727843400000001,1.2740559577941895,0.71867509716054312,7,9.4260811426412203e-11,0.090780069171773586,0.031785939976401278,85100068864,8291090432,76808978432,7784628224,1856851968
522679,a121,NVIDIA A100 80GB PCIe,d1e927df-97ab-aff6-f55d-06ae94c9b8f5,12.9.0,12.5.0,1.10.4,c242d0871ff6a2b91f3e74c8ffcb890252766205,9f9c0891bc1021e55844d1e23a2493846521ea924ca08701f4531b3cf2020c9e,G3,560,512,60,17203200,17138940,6,30,1.7728116070000002,1.2739059925079346,0.71857945169011661,7,7.7180959352817014e-11,0.090780069171773628,0.031785939976401278,85100068864,8291090432,76808978432,7784628224,1856851968
522679,a121,NVIDIA A100 80GB PCIe,d1e927df-97ab-aff6-f55d-06ae94c9b8f5,12.9.0,12.5.0,1.10.4,c242d0871ff6a2b91f3e74c8ffcb890252766205,9f9c0891bc1021e55844d1e23a2493846521ea924ca08701f4531b3cf2020c9e,G4,1120,1024,120,137625600,137368440,7,1,16.614726894,11.957873821258545,0.71971534034524731,8,3.1195859704885727e-11,0.18172355928526202,0.127389134942509,85100068864,60132687872,24967380992,59626225664,1851662336
522679,a121,NVIDIA A100 80GB PCIe,d1e927df-97ab-aff6-f55d-06ae94c9b8f5,12.9.0,12.5.0,1.10.4,c242d0871ff6a2b91f3e74c8ffcb890252766205,9f9c0891bc1021e55844d1e23a2493846521ea924ca08701f4531b3cf2020c9e,G4,1120,1024,120,137625600,137368440,7,2,19.599784763000002,14.943713188171387,0.76244271908443428,10,2.3458587756972227e-12,0.18172358518717868,0.127389134942509,85100068864,60132687872,24967380992,59626225664,1851691008
522679,a121,NVIDIA A100 80GB PCIe,d1e927df-97ab-aff6-f55d-06ae94c9b8f5,12.9.0,12.5.0,1.10.4,c242d0871ff6a2b91f3e74c8ffcb890252766205,9f9c0891bc1021e55844d1e23a2493846521ea924ca08701f4531b3cf2020c9e,G4,1120,1024,120,137625600,137368440,7,3,19.601048855000002,14.944422960281372,0.76242975928654055,10,1.6586566064551309e-12,0.18172355712894725,0.127389134942509,85100068864,60132687872,24967380992,59626225664,1851703296
522679,a121,NVIDIA A100 80GB PCIe,d1e927df-97ab-aff6-f55d-06ae94c9b8f5,12.9.0,12.5.0,1.10.4,c242d0871ff6a2b91f3e74c8ffcb890252766205,9f9c0891bc1021e55844d1e23a2493846521ea924ca08701f4531b3cf2020c9e,G4,1120,1024,120,137625600,137368440,7,4,18.107126281000003,13.450143814086914,0.74280941135315826,9,3.7873277201568166e-11,0.18172348347037609,0.127389134942509,85100068864,60132687872,24967380992,59626225664,1851703296
522679,a121,NVIDIA A100 80GB PCIe,d1e927df-97ab-aff6-f55d-06ae94c9b8f5,12.9.0,12.5.0,1.10.4,c242d0871ff6a2b91f3e74c8ffcb890252766205,9f9c0891bc1021e55844d1e23a2493846521ea924ca08701f4531b3cf2020c9e,G4,1120,1024,120,137625600,137368440,7,5,18.104715090000003,13.448142051696777,0.74279777311296946,9,2.587846885532805e-11,0.18172337262227814,0.127389134942509,85100068864,60132687872,24967380992,59626225664,1851723776
522679,a121,NVIDIA A100 80GB PCIe,d1e927df-97ab-aff6-f55d-06ae94c9b8f5,12.9.0,12.5.0,1.10.4,c242d0871ff6a2b91f3e74c8ffcb890252766205,9f9c0891bc1021e55844d1e23a2493846521ea924ca08701f4531b3cf2020c9e,G4,1120,1024,120,137625600,137368440,7,6,18.107294245000002,13.450560808181763,0.74282555008989759,9,2.1239760291713579e-11,0.18172323280930136,0.127389134942509,85100068864,60132687872,24967380992,59626225664,1851740160
522679,a121,NVIDIA A100 80GB PCIe,d1e927df-97ab-aff6-f55d-06ae94c9b8f5,12.9.0,12.5.0,1.10.4,c242d0871ff6a2b91f3e74c8ffcb890252766205,9f9c0891bc1021e55844d1e23a2493846521ea924ca08701f4531b3cf2020c9e,G4,1120,1024,120,137625600,137368440,7,7,18.106104298000002,13.449394941329956,0.74280997833507312,9,1.5435221043085154e-11,0.18172307185669626,0.127389134942509,85100068864,60132687872,24967380992,59626225664,1851740160
522679,a121,NVIDIA A100 80GB PCIe,d1e927df-97ab-aff6-f55d-06ae94c9b8f5,12.9.0,12.5.0,1.10.4,c242d0871ff6a2b91f3e74c8ffcb890252766205,9f9c0891bc1021e55844d1e23a2493846521ea924ca08701f4531b3cf2020c9e,G4,1120,1024,120,137625600,137368440,7,8,18.111125073,13.449588060379028,0.74261471919431588,9,4.5602559915352345e-12,0.18172302072976995,0.127389134942509,85100068864,60132687872,24967380992,59626225664,1851740160
522679,a121,NVIDIA A100 80GB PCIe,d1e927df-97ab-aff6-f55d-06ae94c9b8f5,12.9.0,12.5.0,1.10.4,c242d0871ff6a2b91f3e74c8ffcb890252766205,9f9c0891bc1021e55844d1e23a2493846521ea924ca08701f4531b3cf2020c9e,G4,1120,1024,120,137625600,137368440,7,9,18.106461662000001,13.449395895004272,0.74279537029758258,9,4.7404227937844289e-12,0.18172302072977006,0.127389134942509,85100068864,60132687872,24967380992,59626225664,1851805696
522679,a121,NVIDIA A100 80GB PCIe,d1e927df-97ab-aff6-f55d-06ae94c9b8f5,12.9.0,12.5.0,1.10.4,c242d0871ff6a2b91f3e74c8ffcb890252766205,9f9c0891bc1021e55844d1e23a2493846521ea924ca08701f4531b3cf2020c9e,G4,1120,1024,120,137625600,137368440,7,10,18.105930697000002,13.44952392578125,0.74282422433052397,9,3.4969613162212812e-12,0.18172302072977017,0.127389134942509,85100068864,60132687872,24967380992,59626225664,1854570496
522679,a121,NVIDIA A100 80GB PCIe,d1e927df-97ab-aff6-f55d-06ae94c9b8f5,12.9.0,12.5.0,1.10.4,c242d0871ff6a2b91f3e74c8ffcb890252766205,9f9c0891bc1021e55844d1e23a2493846521ea924ca08701f4531b3cf2020c9e,G4,1120,1024,120,137625600,137368440,7,11,18.106636041000002,13.44977879524231,0.74280936363812278,9,4.3125391524022751e-12,0.18172302072977028,0.127389134942509,85100068864,60132687872,24967380992,59626225664,1854926848
522679,a121,NVIDIA A100 80GB PCIe,d1e927df-97ab-aff6-f55d-06ae94c9b8f5,12.9.0,12.5.0,1.10.4,c242d0871ff6a2b91f3e74c8ffcb890252766205,9f9c0891bc1021e55844d1e23a2493846521ea924ca08701f4531b3cf2020c9e,G4,1120,1024,120,137625600,137368440,7,12,16.613342374000002,11.956578016281128,0.71969732201469927,8,8.5312392926326557e-11,0.18172302072977062,0.127389134942509,85100068864,60132687872,24967380992,59626225664,1857601536
522679,a121,NVIDIA A100 80GB PCIe,d1e927df-97ab-aff6-f55d-06ae94c9b8f5,12.9.0,12.5.0,1.10.4,c242d0871ff6a2b91f3e74c8ffcb890252766205,9f9c0891bc1021e55844d1e23a2493846521ea924ca08701f4531b3cf2020c9e,G4,1120,1024,120,137625600,137368440,7,13,16.61315274,11.956745147705078,0.71971559732406809,8,2.1999167024976149e-11,0.18172302072977067,0.127389134942509,85100068864,60132687872,24967380992,59626225664,1858289664
522679,a121,NVIDIA A100 80GB PCIe,d1e927df-97ab-aff6-f55d-06ae94c9b8f5,12.9.0,12.5.0,1.10.4,c242d0871ff6a2b91f3e74c8ffcb890252766205,9f9c0891bc1021e55844d1e23a2493846521ea924ca08701f4531b3cf2020c9e,G4,1120,1024,120,137625600,137368440,7,14,16.613054865000002,11.956279993057251,0.71969183814871185,8,2.7840598068493211e-11,0.18172302072977051,0.127389134942509,85100068864,60132687872,24967380992,59626225664,1861300224
522679,a121,NVIDIA A100 80GB PCIe,d1e927df-97ab-aff6-f55d-06ae94c9b8f5,12.9.0,12.5.0,1.10.4,c242d0871ff6a2b91f3e74c8ffcb890252766205,9f9c0891bc1021e55844d1e23a2493846521ea924ca08701f4531b3cf2020c9e,G4,1120,1024,120,137625600,137368440,7,15,16.613732578,11.956835985183716,0.71969594605230536,8,6.0726624923313407e-11,0.18172302072977017,0.127389134942509,85100068864,60132687872,24967380992,59626225664,1861300224
522679,a121,NVIDIA A100 80GB PCIe,d1e927df-97ab-aff6-f55d-06ae94c9b8f5,12.9.0,12.5.0,1.10.4,c242d0871ff6a2b91f3e74c8ffcb890252766205,9f9c0891bc1021e55844d1e23a2493846521ea924ca08701f4531b3cf2020c9e,G4,1120,1024,120,137625600,137368440,7,16,16.613752870000003,11.95746922492981,0.71973318241189221,8,3.0936249298541656e-11,0.18172302072976987,0.127389134942509,85100068864,60132687872,24967380992,59626225664,1861300224
522679,a121,NVIDIA A100 80GB PCIe,d1e927df-97ab-aff6-f55d-06ae94c9b8f5,12.9.0,12.5.0,1.10.4,c242d0871ff6a2b91f3e74c8ffcb890252766205,9f9c0891bc1021e55844d1e23a2493846521ea924ca08701f4531b3cf2020c9e,G4,1120,1024,120,137625600,137368440,7,17,16.613005519000001,11.9565589427948,0.71971076691212166,8,7.3652246453223983e-11,0.18172302072976987,0.127389134942509,85100068864,60132687872,24967380992,59626225664,1861300224
522679,a121,NVIDIA A100 80GB PCIe,d1e927df-97ab-aff6-f55d-06ae94c9b8f5,12.9.0,12.5.0,1.10.4,c242d0871ff6a2b91f3e74c8ffcb890252766205,9f9c0891bc1021e55844d1e23a2493846521ea924ca08701f4531b3cf2020c9e,G4,1120,1024,120,137625600,137368440,7,18,16.613917428000001,11.956663846969604,0.71967757747601613,8,5.6930624920560459e-11,0.18172302072977009,0.127389134942509,85100068864,60132687872,24967380992,59626225664,1861300224
522679,a121,NVIDIA A100 80GB PCIe,d1e927df-97ab-aff6-f55d-06ae94c9b8f5,12.9.0,12.5.0,1.10.4,c242d0871ff6a2b91f3e74c8ffcb890252766205,9f9c0891bc1021e55844d1e23a2493846521ea924ca08701f4531b3cf2020c9e,G4,1120,1024,120,137625600,137368440,7,19,16.613120309999999,11.956775903701782,0.71971885356807985,8,5.3609946744075551e-11,0.18172302072977028,0.127389134942509,85100068864,60132687872,24967380992,59626225664,1862119424
522679,a121,NVIDIA A100 80GB PCIe,d1e927df-97ab-aff6-f55d-06ae94c9b8f5,12.9.0,12.5.0,1.10.4,c242d0871ff6a2b91f3e74c8ffcb890252766205,9f9c0891bc1021e55844d1e23a2493846521ea924ca08701f4531b3cf2020c9e,G4,1120,1024,120,137625600,137368440,7,20,16.612469880000003,11.956368923187256,0.71972253431030775,8,4.688989280130126e-11,0.18172302072977034,0.127389134942509,85100068864,60132687872,24967380992,59626225664,1872572416
522679,a121,NVIDIA A100 80GB PCIe,d1e927df-97ab-aff6-f55d-06ae94c9b8f5,12.9.0,12.5.0,1.10.4,c242d0871ff6a2b91f3e74c8ffcb890252766205,9f9c0891bc1021e55844d1e23a2493846521ea924ca08701f4531b3cf2020c9e,G4,1120,1024,120,137625600,137368440,7,21,18.106959968000002,13.450134038925171,0.74281569422450111,9,3.9263301175938682e-12,0.18172302072977076,0.127389134942509,85100068864,60132687872,24967380992,59626225664,1876123648
522679,a121,NVIDIA A100 80GB PCIe,d1e927df-97ab-aff6-f55d-06ae94c9b8f5,12.9.0,12.5.0,1.10.4,c242d0871ff6a2b91f3e74c8ffcb890252766205,9f9c0891bc1021e55844d1e23a2493846521ea924ca08701f4531b3cf2020c9e,G4,1120,1024,120,137625600,137368440,7,22,16.612527926000002,11.956066846847534,0.71970183587383385,8,2.1894965923916915e-11,0.18172302072977095,0.127389134942509,85100068864,60132687872,24967380992,59626225664,1883103232
522679,a121,NVIDIA A100 80GB PCIe,d1e927df-97ab-aff6-f55d-06ae94c9b8f5,12.9.0,12.5.0,1.10.4,c242d0871ff6a2b91f3e74c8ffcb890252766205,9f9c0891bc1021e55844d1e23a2493846521ea924ca08701f4531b3cf2020c9e,G4,1120,1024,120,137625600,137368440,7,23,16.612976376000002,11.956723928451538,0.71972196058286486,8,4.2511642142014492e-11,0.18172302072977084,0.127389134942509,85100068864,60132687872,24967380992,59626225664,1885806592
522679,a121,NVIDIA A100 80GB PCIe,d1e927df-97ab-aff6-f55d-06ae94c9b8f5,12.9.0,12.5.0,1.10.4,c242d0871ff6a2b91f3e74c8ffcb890252766205,9f9c0891bc1021e55844d1e23a2493846521ea924ca08701f4531b3cf2020c9e,G4,1120,1024,120,137625600,137368440,7,24,16.614584514000001,11.957306146621704,0.7196873407545088,8,2.3434002764016545e-11,0.18172302072977048,0.127389134942509,85100068864,60132687872,24967380992,59626225664,1887657984
522679,a121,NVIDIA A100 80GB PCIe,d1e927df-97ab-aff6-f55d-06ae94c9b8f5,12.9.0,12.5.0,1.10.4,c242d0871ff6a2b91f3e74c8ffcb890252766205,9f9c0891bc1021e55844d1e23a2493846521ea924ca08701f4531b3cf2020c9e,G4,1120,1024,120,137625600,137368440,7,25,16.613336587000003,11.956689119338989,0.71970426029260992,8,2.4693103010233396e-11,0.18172302072977042,0.127389134942509,85100068864,60132687872,24967380992,59626225664,1889411072
522679,a121,NVIDIA A100 80GB PCIe,d1e927df-97ab-aff6-f55d-06ae94c9b8f5,12.9.0,12.5.0,1.10.4,c242d0871ff6a2b91f3e74c8ffcb890252766205,9f9c0891bc1021e55844d1e23a2493846521ea924ca08701f4531b3cf2020c9e,G4,1120,1024,120,137625600,137368440,7,26,16.613576253000002,11.957363843917847,0.71973449074570217,8,2.6620470919575127e-11,0.1817230207297704,0.127389134942509,85100068864,60132687872,24967380992,59626225664,1890082816
522679,a121,NVIDIA A100 80GB PCIe,d1e927df-97ab-aff6-f55d-06ae94c9b8f5,12.9.0,12.5.0,1.10.4,c242d0871ff6a2b91f3e74c8ffcb890252766205,9f9c0891bc1021e55844d1e23a2493846521ea924ca08701f4531b3cf2020c9e,G4,1120,1024,120,137625600,137368440,7,27,16.613634007000002,11.957237005233765,0.71972435411756952,8,2.448104488154819e-11,0.18172302072977045,0.127389134942509,85100068864,60132687872,24967380992,59626225664,1890459648
522679,a121,NVIDIA A100 80GB PCIe,d1e927df-97ab-aff6-f55d-06ae94c9b8f5,12.9.0,12.5.0,1.10.4,c242d0871ff6a2b91f3e74c8ffcb890252766205,9f9c0891bc1021e55844d1e23a2493846521ea924ca08701f4531b3cf2020c9e,G4,1120,1024,120,137625600,137368440,7,28,16.612580298000001,11.956235885620117,0.71970974232458851,8,3.448594004541516e-11,0.18172302072977062,0.127389134942509,85100068864,60132687872,24967380992,59626225664,1890459648
522679,a121,NVIDIA A100 80GB PCIe,d1e927df-97ab-aff6-f55d-06ae94c9b8f5,12.9.0,12.5.0,1.10.4,c242d0871ff6a2b91f3e74c8ffcb890252766205,9f9c0891bc1021e55844d1e23a2493846521ea924ca08701f4531b3cf2020c9e,G4,1120,1024,120,137625600,137368440,7,29,16.612580491000003,11.956223964691162,0.71970901637879447,8,2.7743782149832002e-11,0.18172302072977084,0.127389134942509,85100068864,60132687872,24967380992,59626225664,1890459648
522679,a121,NVIDIA A100 80GB PCIe,d1e927df-97ab-aff6-f55d-06ae94c9b8f5,12.9.0,12.5.0,1.10.4,c242d0871ff6a2b91f3e74c8ffcb890252766205,9f9c0891bc1021e55844d1e23a2493846521ea924ca08701f4531b3cf2020c9e,G4,1120,1024,120,137625600,137368440,7,30,16.615427585000003,11.956763029098511,0.71961813609255421,8,3.7255654476748591e-11,0.18172302072977078,0.127389134942509,85100068864,60132687872,24967380992,59626225664,1890459648
